lesson_id,level,course_order,can_do,language_focus_candidate,scenario_candidate,prerequisite,review_status,spoken_checked,listening_checked,source
"m1l1","A0","1","Читать и переписывать 10 базовых слов из латиницы в кириллицу без латинских букв в ответе","Соответствие 10 базовых слов сербской латиницы и кириллицы (J→Ј, V→В, C→Ц, S→С), без контроля букв из следующих уроков.","Построить отдельную коммуникативную ситуацию, в которой ученик сможет: читать и переписывать 10 базовых слов из латиницы в кириллицу без латинских букв в ответе","","editorial_planning_only","NO","NO","TZv3 Appendix A + existing content"
"m1l2","A0","2","Сопоставлять знакомые сербские согласные и гласные в простых двусложных словах","Связь фонем с буквами и чтение гласных и простых согласных в двухсложных словах.","Построить отдельную коммуникативную ситуацию, в которой ученик сможет: сопоставлять знакомые сербские согласные и гласные в простых двусложных словах","m1l1","editorial_planning_only","NO","NO","TZv3 Appendix A + existing content"
"m1l3","A0","3","На слух и в письме различать Č, Ć, Š, Ž в контрольных минимальных парах и контекстах","Различать на слух/письме Č и Ć, Š и Ž, не заменять одну букву другой.","Построить отдельную коммуникативную ситуацию, в которой ученик сможет: на слух и в письме различать č, ć, š, ž в контрольных минимальных парах и контекстах","m1l2","editorial_planning_only","NO","NO","TZv3 Appendix A + existing content"
"m1l4","A0","4","Верно прочитать и написать Lj, Nj, Dž, Đ в 8 новых словах, не путать диграф с двумя кириллическими буквами","Lj→Љ, Nj→Њ, Dž→Џ, Đ→Ђ: соответствия диграфов и отдельных букв.","Построить отдельную коммуникативную ситуацию, в которой ученик сможет: верно прочитать и написать lj, nj, dž, đ в 8 новых словах, не путать диграф с двумя кириллическими буквами","m1l3","editorial_planning_only","NO","NO","TZv3 Appendix A + existing content"
"m1l5","A0","5","Прочитать четыре новых микротекста и передать смысл каждого без пословного чтения","Объединение выученных букв в самостоятельное чтение коротких новых фраз.","Построить отдельную коммуникативную ситуацию, в которой ученик сможет: прочитать четыре новых микротекста и передать смысл каждого без пословного чтения","m1l4","editorial_planning_only","NO","NO","TZv3 Appendix A + existing content"
"m2l1","A0","6","Выбирать естественное приветствие для утра, дня, вечера и ситуации знакомства","Уточнить языковое средство для действия «Выбирать естественное приветствие для утра, дня, вечера и ситуации знакомства»; текущая заметка: Dobro jutro говорят утром, Dobar dan днём, Dobro veče вечером. Для дружеского общения подойдёт Zdravo или Ćao.","Построить отдельную коммуникативную ситуацию, в которой ученик сможет: выбирать естественное приветствие для утра, дня, вечера и ситуации знакомства","m1l5","editorial_planning_only","NO","NO","TZv3 Appendix A + existing content"
"m2l2","A0","7","Назвать своё имя и узнать имя собеседника двумя вежливыми способами","Уточнить языковое средство для действия «Назвать своё имя и узнать имя собеседника двумя вежливыми способами»; текущая заметка: Знакомься: Zovem se... — меня зовут... Как тебя зовут? — Kako se zoveš? Вежливо: Kako se zovete?","Построить отдельную коммуникативную ситуацию, в которой ученик сможет: назвать своё имя и узнать имя собеседника двумя вежливыми способами","m2l1","editorial_planning_only","NO","NO","TZv3 Appendix A + existing content"
"m2l3","A0","8","Составить пять фраз о себе и третьем лице с ja, ti, on, ona, mi","Уточнить языковое средство для действия «Составить пять фраз о себе и третьем лице с ja, ti, on, ona, mi»; текущая заметка: Ja — я, ti — ты, vi — вы. Для обращения к незнакомому взрослому используй vi и глагол во множественном числе.","Построить отдельную коммуникативную ситуацию, в которой ученик сможет: составить пять фраз о себе и третьем лице с ja, ti, on, ona, mi","m2l2","editorial_planning_only","NO","NO","TZv3 Appendix A + existing content"
"m2l4","A0","9","Использовать sam, si, je, smo, ste, su в простейших утверждениях и отрицаниях","Уточнить языковое средство для действия «Использовать sam, si, je, smo, ste, su в простейших утверждениях и отрицаниях»; текущая заметка: В настоящем времени: ja sam, ti si, on/ona je. «Я из России» — Ja sam iz Rusije. «Я здесь» — Ja sam ovde.","Построить отдельную коммуникативную ситуацию, в которой ученик сможет: использовать sam, si, je, smo, ste, su в простейших утверждениях и отрицаниях","m2l3","editorial_planning_only","NO","NO","TZv3 Appendix A + existing content"
"m2l5","A0","10","Задать и понять короткие вопросы с da li и вопросительной интонацией","Уточнить языковое средство для действия «Задать и понять короткие вопросы с da li и вопросительной интонацией»; текущая заметка: Неопределённость лучше уточнять: Da li...? — вопросительная конструкция. Для отрицания часто используется nisam, nisi, nije.","Построить отдельную коммуникативную ситуацию, в которой ученик сможет: задать и понять короткие вопросы с da li и вопросительной интонацией","m2l4","editorial_planning_only","NO","NO","TZv3 Appendix A + existing content"
"m3l1","A0","11","Услышать, произнести и записать числа от нуля до десяти в контексте покупки","Уточнить языковое средство для действия «Услышать, произнести и записать числа от нуля до десяти в контексте покупки»; текущая заметка: Nauči 0–10: nula, jedan, dva, tri, četiri, pet, šest, sedam, osam, devet, deset. Читай цифры вслух.","Построить отдельную коммуникативную ситуацию, в которой ученик сможет: услышать, произнести и записать числа от нуля до десяти в контексте покупки","m2l5","editorial_planning_only","NO","NO","TZv3 Appendix A + existing content"
"m3l2","A0","12","Понять двузначную цену и правильно произнести выбранное число до ста","Уточнить языковое средство для действия «Понять двузначную цену и правильно произнести выбранное число до ста»; текущая заметка: Jedanaest — 11, dvadeset — 20, trideset — 30, sto — 100. 21: dvadeset jedan. Некоторые формы меняются в сочетаниях.","Построить отдельную коммуникативную ситуацию, в которой ученик сможет: понять двузначную цену и правильно произнести выбранное число до ста","m3l1","editorial_planning_only","NO","NO","TZv3 Appendix A + existing content"
"m3l3","A0","13","Назвать текущий и следующий день, переспросить день встречи","Уточнить языковое средство для действия «Назвать текущий и следующий день, переспросить день встречи»; текущая заметка: Ponedeljak — понедельник, utorak — вторник, sreda — среда. Названия дней пишутся со строчной буквы.","Построить отдельную коммуникативную ситуацию, в которой ученик сможет: назвать текущий и следующий день, переспросить день встречи","m3l2","editorial_planning_only","NO","NO","TZv3 Appendix A + existing content"
"m3l4","A0","14","Назвать дату рождения и прочитать дату на коротком объявлении","Уточнить языковое средство для действия «Назвать дату рождения и прочитать дату на коротком объявлении»; текущая заметка: Januar, februar, mart... Число в дате употребляется как порядковое: prvi oktobar — первое октября.","Построить отдельную коммуникативную ситуацию, в которой ученик сможет: назвать дату рождения и прочитать дату на коротком объявлении","m3l3","editorial_planning_only","NO","NO","TZv3 Appendix A + existing content"
"m3l5","A0","15","Спросить который час и согласовать время короткой встречи","Уточнить языковое средство для действия «Спросить который час и согласовать время короткой встречи»; текущая заметка: Koliko je sati? — который час? Kada? — когда? U osam — в восемь. Ujutru — утром.","Построить отдельную коммуникативную ситуацию, в которой ученик сможет: спросить который час и согласовать время короткой встречи","m3l4","editorial_planning_only","NO","NO","TZv3 Appendix A + existing content"
"m4l1","A0","16","Попросить один конкретный товар у продавца без готового шаблона ответа","Уточнить языковое средство для действия «Попросить один конкретный товар у продавца без готового шаблона ответа»; текущая заметка: Вежливое обращение: Izvinite... Показывай на предмет и спрашивай: Koliko košta? — Сколько стоит?","Построить отдельную коммуникативную ситуацию, в которой ученик сможет: попросить один конкретный товар у продавца без готового шаблона ответа","m3l5","editorial_planning_only","NO","NO","TZv3 Appendix A + existing content"
"m4l2","A0","17","Вежливо принять и отказаться от предложенного товара, объяснив простой выбор","Уточнить языковое средство для действия «Вежливо принять и отказаться от предложенного товара, объяснив простой выбор»; текущая заметка: Da, hvala и Ne, hvala — готовые фразы. Важно различать Izvinite, Izvolite и Molim.","Построить отдельную коммуникативную ситуацию, в которой ученик сможет: вежливо принять и отказаться от предложенного товара, объяснив простой выбор","m4l1","editorial_planning_only","NO","NO","TZv3 Appendix A + existing content"
"m4l3","A0","18","Спросить, где ближайшее знакомое место, и понять одношаговое направление","Уточнить языковое средство для действия «Спросить, где ближайшее знакомое место, и понять одношаговое направление»; текущая заметка: Gde je...? — Где находится...? Для уточнения направления: levo — налево, desno — направо, pravo — прямо.","Построить отдельную коммуникативную ситуацию, в которой ученик сможет: спросить, где ближайшее знакомое место, и понять одношаговое направление","m4l2","editorial_planning_only","NO","NO","TZv3 Appendix A + existing content"
"m4l4","A0","19","Написать короткое сообщение с приветствием, просьбой и прощанием","Уточнить языковое средство для действия «Написать короткое сообщение с приветствием, просьбой и прощанием»; текущая заметка: Начни с Dobar dan, закончи Hvala или Srdačan pozdrav. Тебя поймут даже с простыми предложениями.","Построить отдельную коммуникативную ситуацию, в которой ученик сможет: написать короткое сообщение с приветствием, просьбой и прощанием","m4l3","editorial_planning_only","NO","NO","TZv3 Appendix A + existing content"
"m4l5","A0","20","Провести новый трёхрепликовый разговор по случайно выбранной бытовой карточке","Уточнить языковое средство для действия «Провести новый трёхрепликовый разговор по случайно выбранной бытовой карточке»; текущая заметка: Собери диалог из известных фраз. Сначала представься, затем спроси о времени, поблагодари и попрощайся.","Построить отдельную коммуникативную ситуацию, в которой ученик сможет: провести новый трёхрепликовый разговор по случайно выбранной бытовой карточке","m4l4","editorial_planning_only","NO","NO","TZv3 Appendix A + existing content"
"m5l1","A1","21","Определять род 10 незнакомых предметных слов по форме и контексту","Уточнить языковое средство для действия «Определять род 10 незнакомых предметных слов по форме и контексту»; текущая заметка: Grad — мужской, škola — женский, dete — средний. Род часто связан с окончанием, но есть исключения.","Построить отдельную коммуникативную ситуацию, в которой ученик сможет: определять род 10 незнакомых предметных слов по форме и контексту","m4l5","editorial_planning_only","NO","NO","TZv3 Appendix A + existing content"
"m5l2","A1","22","Образовать типичные формы множественного числа и заметить представленные исключения","Уточнить языковое средство для действия «Образовать типичные формы множественного числа и заметить представленные исключения»; текущая заметка: Student — studenti; žena — žene; selo — sela. Обрати внимание, что окончания зависят от рода.","Построить отдельную коммуникативную ситуацию, в которой ученик сможет: образовать типичные формы множественного числа и заметить представленные исключения","m5l1","editorial_planning_only","NO","NO","TZv3 Appendix A + existing content"
"m5l3","A1","23","Говорить о собственной работе и распорядке с глаголом raditi в настоящем времени","Уточнить языковое средство для действия «Говорить о собственной работе и распорядке с глаголом raditi в настоящем времени»; текущая заметка: Ja radim, ti radiš, on radi, mi radimo, vi radite, oni rade. Для некоторых глаголов есть другие модели.","Построить отдельную коммуникативную ситуацию, в которой ученик сможет: говорить о собственной работе и распорядке с глаголом raditi в настоящем времени","m5l2","editorial_planning_only","NO","NO","TZv3 Appendix A + existing content"
"m5l4","A1","24","Рассказать где живёшь и на каком языке говоришь, меняя лицо глагола","Уточнить языковое средство для действия «Рассказать где живёшь и на каком языке говоришь, меняя лицо глагола»; текущая заметка: Ja govorim srpski. — Я говорю по-сербски. Živim u Novom Sadu. — Я живу в Нови-Саде.","Построить отдельную коммуникативную ситуацию, в которой ученик сможет: рассказать где живёшь и на каком языке говоришь, меняя лицо глагола","m5l3","editorial_planning_only","NO","NO","TZv3 Appendix A + existing content"
"m5l5","A1","25","Задать бытовые вопросы «где», «когда», «что» и «почему» с подходящим порядком слов","Уточнить языковое средство для действия «Задать бытовые вопросы «где», «когда», «что» и «почему» с подходящим порядком слов»; текущая заметка: Где? — Gde? Кто? — Ko? Какой? — Kakav? Вопрос с da li: Da li govoriš srpski?","Построить отдельную коммуникативную ситуацию, в которой ученик сможет: задать бытовые вопросы «где», «когда», «что» и «почему» с подходящим порядком слов","m5l4","editorial_planning_only","NO","NO","TZv3 Appendix A + existing content"
"m5l6","A1","26","Отрицать действие и формулировать понятный уточняющий вопрос, не калькируя русский порядок","Уточнить языковое средство для действия «Отрицать действие и формулировать понятный уточняющий вопрос, не калькируя русский порядок»; текущая заметка: Ne radim danas. — Я сегодня не работаю. У отрицательных форм глагола biti особая форма: nisam.","Построить отдельную коммуникативную ситуацию, в которой ученик сможет: отрицать действие и формулировать понятный уточняющий вопрос, не калькируя русский порядок","m5l5","editorial_planning_only","NO","NO","TZv3 Appendix A + existing content"
"m5l7","A1","27","Составить самостоятельное описание типичного дня из 6 связанных простых предложений","Уточнить языковое средство для действия «Составить самостоятельное описание типичного дня из 6 связанных простых предложений»; текущая заметка: Сочетай подлежащее, глагол и дополнение. Я работаю сегодня: Radim danas. Местоимение ja часто опускается.","Построить отдельную коммуникативную ситуацию, в которой ученик сможет: составить самостоятельное описание типичного дня из 6 связанных простых предложений","m5l6","editorial_planning_only","NO","NO","TZv3 Appendix A + existing content"
"m6l1","A1","28","Представить близких родственников по фото/описанию, не угадывая их имена из подсказок","Уточнить языковое средство для действия «Представить близких родственников по фото/описанию, не угадывая их имена из подсказок»; текущая заметка: Majka, otac, sin, ćerka, brat, sestra. Для родственников есть множество разговорных вариантов.","Построить отдельную коммуникативную ситуацию, в которой ученик сможет: представить близких родственников по фото/описанию, не угадывая их имена из подсказок","m5l7","editorial_planning_only","NO","NO","TZv3 Appendix A + existing content"
"m6l2","A1","29","Выбрать moj/tvoj/njegov/njen с правильным согласованием для предмета","Уточнить языковое средство для действия «Выбрать moj/tvoj/njegov/njen с правильным согласованием для предмета»; текущая заметка: Moj otac, moja majka, moje dete. Притяжательные местоимения согласуются с существительными.","Построить отдельную коммуникативную ситуацию, в которой ученик сможет: выбрать moj/tvoj/njegov/njen с правильным согласованием для предмета","m6l1","editorial_planning_only","NO","NO","TZv3 Appendix A + existing content"
"m6l3","A1","30","Описать внешность и характер трёх людей с корректным родом прилагательного","Уточнить языковое средство для действия «Описать внешность и характер трёх людей с корректным родом прилагательного»; текущая заметка: Dobar čovek, dobra žena, dobro dete. По окончанию часто можно определить род.","Построить отдельную коммуникативную ситуацию, в которой ученик сможет: описать внешность и характер трёх людей с корректным родом прилагательного","m6l2","editorial_planning_only","NO","NO","TZv3 Appendix A + existing content"
"m6l4","A1","31","Сообщить свой возраст и корректно спросить возраст в сербском формате","Уточнить языковое средство для действия «Сообщить свой возраст и корректно спросить возраст в сербском формате»; текущая заметка: Koliko imaš godina? — Сколько тебе лет? Imam devet godina. — Мне девять лет.","Построить отдельную коммуникативную ситуацию, в которой ученик сможет: сообщить свой возраст и корректно спросить возраст в сербском формате","m6l3","editorial_planning_only","NO","NO","TZv3 Appendix A + existing content"
"m6l5","A1","32","Рассказать о профессиях трёх членов семьи и о своей текущей работе","Уточнить языковое средство для действия «Рассказать о профессиях трёх членов семьи и о своей текущей работе»; текущая заметка: Я работаю как... — Radim kao... ; По профессии я... — Po zanimanju sam...","Построить отдельную коммуникативную ситуацию, в которой ученик сможет: рассказать о профессиях трёх членов семьи и о своей текущей работе","m6l4","editorial_planning_only","NO","NO","TZv3 Appendix A + existing content"
"m6l6","A1","33","Разъяснить кому принадлежит предмет через чей/чья/чьё и конструкцию принадлежности","Уточнить языковое средство для действия «Разъяснить кому принадлежит предмет через чей/чья/чьё и конструкцию принадлежности»; текущая заметка: Ovo je moja porodica. — Это моя семья. Это его брат — Ovo je njegov brat.","Построить отдельную коммуникативную ситуацию, в которой ученик сможет: разъяснить кому принадлежит предмет через чей/чья/чьё и конструкцию принадлежности","m6l5","editorial_planning_only","NO","NO","TZv3 Appendix A + existing content"
"m6l7","A1","34","Написать семье из другого города знакомство от своего имени на 70–90 простых слов","Уточнить языковое средство для действия «Написать семье из другого города знакомство от своего имени на 70–90 простых слов»; текущая заметка: Составь короткую историю: кто живёт с тобой, кто учится, кто работает. Используй знакомые формы.","Построить отдельную коммуникативную ситуацию, в которой ученик сможет: написать семье из другого города знакомство от своего имени на 70–90 простых слов","m6l6","editorial_planning_only","NO","NO","TZv3 Appendix A + existing content"
"m7l1","A1","35","Узнать по плану названия комнат и назвать предметы в выбранной комнате","Уточнить языковое средство для действия «Узнать по плану названия комнат и назвать предметы в выбранной комнате»; текущая заметка: Stan — квартира, soba — комната, kuhinja — кухня. Назови предметы, которые видишь вокруг себя.","Построить отдельную коммуникативную ситуацию, в которой ученик сможет: узнать по плану названия комнат и назвать предметы в выбранной комнате","m6l7","editorial_planning_only","NO","NO","TZv3 Appendix A + existing content"
"m7l2","A1","36","Объяснить положение пяти предметов относительно друг друга","Уточнить языковое средство для действия «Объяснить положение пяти предметов относительно друг друга»; текущая заметка: Na stolu — на столе; u sobi — в комнате. После предлогов формы могут меняться: это первые шаги к падежам.","Построить отдельную коммуникативную ситуацию, в которой ученик сможет: объяснить положение пяти предметов относительно друг друга","m7l1","editorial_planning_only","NO","NO","TZv3 Appendix A + existing content"
"m7l3","A1","37","Описать предлагаемую квартиру для арендодателя в 5 предложениях","Уточнить языковое средство для действия «Описать предлагаемую квартиру для арендодателя в 5 предложениях»; текущая заметка: Velik stan, mala kuhinja, novo kupatilo. Прилагательное согласуется с существительным.","Построить отдельную коммуникативную ситуацию, в которой ученик сможет: описать предлагаемую квартиру для арендодателя в 5 предложениях","m7l2","editorial_planning_only","NO","NO","TZv3 Appendix A + existing content"
"m7l4","A1","38","Рассказать о привычном дне, связывая действия с часами и частотностью","Уточнить языковое средство для действия «Рассказать о привычном дне, связывая действия с часами и частотностью»; текущая заметка: Ustajem u sedam. — Я встаю в семь. Zatim doručkujem. — Потом завтракаю.","Построить отдельную коммуникативную ситуацию, в которой ученик сможет: рассказать о привычном дне, связывая действия с часами и частотностью","m7l3","editorial_planning_only","NO","NO","TZv3 Appendix A + existing content"
"m7l5","A1","39","Сравнить утреннюю и вечернюю рутину по самостоятельному расписанию","Уточнить языковое средство для действия «Сравнить утреннюю и вечернюю рутину по самостоятельному расписанию»; текущая заметка: Spavam, radim, kuvam, čitam. Учись отвечать полными, но короткими предложениями.","Построить отдельную коммуникативную ситуацию, в которой ученик сможет: сравнить утреннюю и вечернюю рутину по самостоятельному расписанию","m7l4","editorial_planning_only","NO","NO","TZv3 Appendix A + existing content"
"m7l6","A1","40","Задать владельцу жилья три конкретных вопроса о квартире без юридических утверждений","Уточнить языковое средство для действия «Задать владельцу жилья три конкретных вопроса о квартире без юридических утверждений»; текущая заметка: Da li je stan slobodan? — Квартира свободна? Kolika je kirija? — Сколько аренда?","Построить отдельную коммуникативную ситуацию, в которой ученик сможет: задать владельцу жилья три конкретных вопроса о квартире без юридических утверждений","m7l5","editorial_planning_only","NO","NO","TZv3 Appendix A + existing content"
"m7l7","A1","41","Записать голосовой или письменный рассказ об обычном дне из 7–9 фраз","Уточнить языковое средство для действия «Записать голосовой или письменный рассказ об обычном дне из 7–9 фраз»; текущая заметка: Построй последовательный рассказ с ujutru, zatim, posle, uveče.","Построить отдельную коммуникативную ситуацию, в которой ученик сможет: записать голосовой или письменный рассказ об обычном дне из 7–9 фраз","m7l6","editorial_planning_only","NO","NO","TZv3 Appendix A + existing content"
"m8l1","A1","42","По звуку распознать и назвать набор частотных продуктов и групп товаров","Уточнить языковое средство для действия «По звуку распознать и назвать набор частотных продуктов и групп товаров»; текущая заметка: Hleb, mleko, sir, voda. Научись находить их в магазине без русского перевода.","Построить отдельную коммуникативную ситуацию, в которой ученик сможет: по звуку распознать и назвать набор частотных продуктов и групп товаров","m7l7","editorial_planning_only","NO","NO","TZv3 Appendix A + existing content"
"m8l2","A1","43","Уточнить цену, массу и количество на рынке, понять ответ с числом и единицей","Уточнить языковое средство для действия «Уточнить цену, массу и количество на рынке, понять ответ с числом и единицей»; текущая заметка: Koliko košta? — Сколько стоит? Koliko komada? — Сколько штук? Цена выражается в динарах.","Построить отдельную коммуникативную ситуацию, в которой ученик сможет: уточнить цену, массу и количество на рынке, понять ответ с числом и единицей","m8l1","editorial_planning_only","NO","NO","TZv3 Appendix A + existing content"
"m8l3","A1","44","Попросить конкретный товар и изменить количество после вопроса продавца","Уточнить языковое средство для действия «Попросить конкретный товар и изменить количество после вопроса продавца»; текущая заметка: Molim vas, jedan hleb. — Пожалуйста, один хлеб. После числительных форма существительного может меняться.","Построить отдельную коммуникативную ситуацию, в которой ученик сможет: попросить конкретный товар и изменить количество после вопроса продавца","m8l2","editorial_planning_only","NO","NO","TZv3 Appendix A + existing content"
"m8l4","A1","45","Уточнить наличие сезонного товара и выбрать замену по реплике продавца","Уточнить языковое средство для действия «Уточнить наличие сезонного товара и выбрать замену по реплике продавца»; текущая заметка: Imate li paradajz? — Есть ли помидоры? Koliko je kilogram? — Сколько килограмм?","Построить отдельную коммуникативную ситуацию, в которой ученик сможет: уточнить наличие сезонного товара и выбрать замену по реплике продавца","m8l3","editorial_planning_only","NO","NO","TZv3 Appendix A + existing content"
"m8l5","A1","46","Заказать блюдо и напиток, уточнить состав и попросить счёт","Уточнить языковое средство для действия «Заказать блюдо и напиток, уточнить состав и попросить счёт»; текущая заметка: Jednu kafu, molim vas. — Один кофе, пожалуйста. Краткий ответ тоже естественен.","Построить отдельную коммуникативную ситуацию, в которой ученик сможет: заказать блюдо и напиток, уточнить состав и попросить счёт","m8l4","editorial_planning_only","NO","NO","TZv3 Appendix A + existing content"
"m8l6","A1","47","Сверить озвученную стоимость с чеком и назвать удобный способ оплаты","Уточнить языковое средство для действия «Сверить озвученную стоимость с чеком и назвать удобный способ оплаты»; текущая заметка: Račun, kusur, kartica, gotovina. Обрати внимание на вопрос Može karticom?","Построить отдельную коммуникативную ситуацию, в которой ученик сможет: сверить озвученную стоимость с чеком и назвать удобный способ оплаты","m8l5","editorial_planning_only","NO","NO","TZv3 Appendix A + existing content"
"m8l7","A1","48","Самостоятельно завершить изменяющийся сценарий покупки с неожиданным вопросом кассира","Уточнить языковое средство для действия «Самостоятельно завершить изменяющийся сценарий покупки с неожиданным вопросом кассира»; текущая заметка: Закажи несколько продуктов, уточни цену, попроси чек и поблагодари.","Построить отдельную коммуникативную ситуацию, в которой ученик сможет: самостоятельно завершить изменяющийся сценарий покупки с неожиданным вопросом кассира","m8l6","editorial_planning_only","NO","NO","TZv3 Appendix A + existing content"
"m9l1","A1","49","Найти по схеме знакомый городской объект и назвать два ориентира на пути","Уточнить языковое средство для действия «Найти по схеме знакомый городской объект и назвать два ориентира на пути»; текущая заметка: Gde je centar? — Где центр? Покажи направление: levo, desno, pravo.","Построить отдельную коммуникативную ситуацию, в которой ученик сможет: найти по схеме знакомый городской объект и назвать два ориентира на пути","m8l7","editorial_planning_only","NO","NO","TZv3 Appendix A + existing content"
"m9l2","A1","50","Назвать нужную остановку и уточнить направление движения автобуса","Уточнить языковое средство для действия «Назвать нужную остановку и уточнить направление движения автобуса»; текущая заметка: Autobuska stanica — автобусная остановка. Karta — билет. Broj — номер.","Построить отдельную коммуникативную ситуацию, в которой ученик сможет: назвать нужную остановку и уточнить направление движения автобуса","m9l1","editorial_planning_only","NO","NO","TZv3 Appendix A + existing content"
"m9l3","A1","51","Попросить объяснить маршрут между двумя адресными ориентирами","Уточнить языковое средство для действия «Попросить объяснить маршрут между двумя адресными ориентирами»; текущая заметка: Koji autobus ide do centra? — Какой автобус идёт до центра? Gde treba da siđem? — Где нужно выйти?","Построить отдельную коммуникативную ситуацию, в которой ученик сможет: попросить объяснить маршрут между двумя адресными ориентирами","m9l2","editorial_planning_only","NO","NO","TZv3 Appendix A + existing content"
"m9l4","A1","52","Понять краткий прогноз погоды и решить, нужна ли дополнительная одежда","Уточнить языковое средство для действия «Понять краткий прогноз погоды и решить, нужна ли дополнительная одежда»; текущая заметка: Danas je toplo, hladno, vetrovito. Есть безличные конструкции: Pada kiša.","Построить отдельную коммуникативную ситуацию, в которой ученик сможет: понять краткий прогноз погоды и решить, нужна ли дополнительная одежда","m9l3","editorial_planning_only","NO","NO","TZv3 Appendix A + existing content"
"m9l5","A1","53","Выбрать одежду для двух погодных условий и объяснить простой выбор","Уточнить языковое средство для действия «Выбрать одежду для двух погодных условий и объяснить простой выбор»; текущая заметка: Jakna, majica, pantalone, cipele. Учись описывать, что тебе нужно купить.","Построить отдельную коммуникативную ситуацию, в которой ученик сможет: выбрать одежду для двух погодных условий и объяснить простой выбор","m9l4","editorial_planning_only","NO","NO","TZv3 Appendix A + existing content"
"m9l6","A1","54","Различить направление движения и положение на месте в коротких инструкциях","Уточнить языковое средство для действия «Различить направление движения и положение на месте в коротких инструкциях»; текущая заметка: Idem u školu — иду в школу; sam u školi — нахожусь в школе. Разница связана с падежом.","Построить отдельную коммуникативную ситуацию, в которой ученик сможет: различить направление движения и положение на месте в коротких инструкциях","m9l5","editorial_planning_only","NO","NO","TZv3 Appendix A + existing content"
"m9l7","A1","55","Устно провести гостя по самостоятельно составленному маршруту Нови-Сада","Уточнить языковое средство для действия «Устно провести гостя по самостоятельно составленному маршруту Нови-Сада»; текущая заметка: Составь маршрут от дома до набережной или центра, используя уже известные выражения.","Построить отдельную коммуникативную ситуацию, в которой ученик сможет: устно провести гостя по самостоятельно составленному маршруту нови-сада","m9l6","editorial_planning_only","NO","NO","TZv3 Appendix A + existing content"
"m10l1","A1","56","Назвать беспокоящую часть тела и два базовых симптома без медицинских диагнозов","Уточнить языковое средство для действия «Назвать беспокоящую часть тела и два базовых симптома без медицинских диагнозов»; текущая заметка: Glava, ruka, noga, stomak. Чтобы сказать «у меня болит», используй Boli me...","Построить отдельную коммуникативную ситуацию, в которой ученик сможет: назвать беспокоящую часть тела и два базовых симптома без медицинских диагнозов","m9l7","editorial_planning_only","NO","NO","TZv3 Appendix A + existing content"
"m10l2","A1","57","Сообщить врачу жалобу и ответить на простейший вопрос о самочувствии","Уточнить языковое средство для действия «Сообщить врачу жалобу и ответить на простейший вопрос о самочувствии»; текущая заметка: Ne osećam se dobro. — Я плохо себя чувствую. Imam temperaturu. — У меня температура.","Построить отдельную коммуникативную ситуацию, в которой ученик сможет: сообщить врачу жалобу и ответить на простейший вопрос о самочувствии","m10l1","editorial_planning_only","NO","NO","TZv3 Appendix A + existing content"
"m10l3","A1","58","Записаться на приём, назвать подходящий день и уточнить адрес","Уточнить языковое средство для действия «Записаться на приём, назвать подходящий день и уточнить адрес»; текущая заметка: Želim da zakažem pregled. — Хочу записаться на осмотр. Пока учим целыми фразами.","Построить отдельную коммуникативную ситуацию, в которой ученик сможет: записаться на приём, назвать подходящий день и уточнить адрес","m10l2","editorial_planning_only","NO","NO","TZv3 Appendix A + existing content"
"m10l4","A1","59","Провести короткий телефонный разговор: представиться, попросить и подтвердить время","Уточнить языковое средство для действия «Провести короткий телефонный разговор: представиться, попросить и подтвердить время»; текущая заметка: Halo? — Алло? Ko je na vezi? — Кто на связи? Можно попросить говорить медленнее.","Построить отдельную коммуникативную ситуацию, в которой ученик сможет: провести короткий телефонный разговор: представиться, попросить и подтвердить время","m10l3","editorial_planning_only","NO","NO","TZv3 Appendix A + existing content"
"m10l5","A1","60","Определить функцию падежа на новых примерах, не заучивая названия без смысла","Уточнить языковое средство для действия «Определить функцию падежа на новых примерах, не заучивая названия без смысла»; текущая заметка: Сербские существительные меняют форму: škola — u školi — u školu. Запоминай устойчивые сочетания.","Построить отдельную коммуникативную ситуацию, в которой ученик сможет: определить функцию падежа на новых примерах, не заучивая названия без смысла","m10l4","editorial_planning_only","NO","NO","TZv3 Appendix A + existing content"
"m10l6","A1","61","Поставить прямой объект после частотного глагола в уместную винительную форму","Уточнить языковое средство для действия «Поставить прямой объект после частотного глагола в уместную винительную форму»; текущая заметка: Kupujem hleb; vidim učitelja. Объект действия часто стоит в винительном.","Построить отдельную коммуникативную ситуацию, в которой ученик сможет: поставить прямой объект после частотного глагола в уместную винительную форму","m10l5","editorial_planning_only","NO","NO","TZv3 Appendix A + existing content"
"m10l7","A1","62","Составить первое официально-вежливое письмо с просьбой и контактной информацией","Уточнить языковое средство для действия «Составить первое официально-вежливое письмо с просьбой и контактной информацией»; текущая заметка: Dobar dan, imam jedno pitanje. Hvala unapred. Srdačan pozdrav. Вежливость особенно важна в официальном общении.","Построить отдельную коммуникативную ситуацию, в которой ученик сможет: составить первое официально-вежливое письмо с просьбой и контактной информацией","m10l6","editorial_planning_only","NO","NO","TZv3 Appendix A + existing content"
"m11l1","A2","63","Разграничить подлежащее и именную характеристику в именительном падеже","Уточнить языковое средство для действия «Разграничить подлежащее и именную характеристику в именительном падеже»; текущая заметка: Nominativ отвечает на ko? šta? Это словарная форма и типичная форма подлежащего: Devojka čita.","Построить отдельную коммуникативную ситуацию, в которой ученик сможет: разграничить подлежащее и именную характеристику в именительном падеже","m10l7","editorial_planning_only","NO","NO","TZv3 Appendix A + existing content"
"m11l2","A2","64","Указать прямой объект нового действия правильной формой винительного падежа","Уточнить языковое средство для действия «Указать прямой объект нового действия правильной формой винительного падежа»; текущая заметка: Akuzativ отвечает на koga? šta? Kupujem knjigu. Для женского рода на -a часто будет -u.","Построить отдельную коммуникативную ситуацию, в которой ученик сможет: указать прямой объект нового действия правильной формой винительного падежа","m11l1","editorial_planning_only","NO","NO","TZv3 Appendix A + existing content"
"m11l3","A2","65","Отличить винительный одушевлённого мужского существительного в реальной фразе","Уточнить языковое средство для действия «Отличить винительный одушевлённого мужского существительного в реальной фразе»; текущая заметка: Vidim čoveka, но vidim sto. У многих мужских одушевлённых существительных форма меняется.","Построить отдельную коммуникативную ситуацию, в которой ученик сможет: отличить винительный одушевлённого мужского существительного в реальной фразе","m11l2","editorial_planning_only","NO","NO","TZv3 Appendix A + existing content"
"m11l4","A2","66","Выбрать u/na с движением к месту и соответствующую форму существительного","Уточнить языковое средство для действия «Выбрать u/na с движением к месту и соответствующую форму существительного»; текущая заметка: Idem u školu / na posao. С направлением часто используется винительный, а с местом — местный падеж.","Построить отдельную коммуникативную ситуацию, в которой ученик сможет: выбрать u/na с движением к месту и соответствующую форму существительного","m11l3","editorial_planning_only","NO","NO","TZv3 Appendix A + existing content"
"m11l5","A2","67","Объяснить отсутствие вещи через nema и родительный падеж","Уточнить языковое средство для действия «Объяснить отсутствие вещи через nema и родительный падеж»; текущая заметка: Nema vode. — Нет воды. Nemam vremena. — У меня нет времени.","Построить отдельную коммуникативную ситуацию, в которой ученик сможет: объяснить отсутствие вещи через nema и родительный падеж","m11l4","editorial_planning_only","NO","NO","TZv3 Appendix A + existing content"
"m11l6","A2","68","Спросить количество и изменить форму существительного после указанных числительных","Уточнить языковое средство для действия «Спросить количество и изменить форму существительного после указанных числительных»; текущая заметка: Kilogram sira, čaša vode. Обращай внимание, что меняется существительное после слова количества.","Построить отдельную коммуникативную ситуацию, в которой ученик сможет: спросить количество и изменить форму существительного после указанных числительных","m11l5","editorial_planning_only","NO","NO","TZv3 Appendix A + existing content"
"m11l7","A2","69","Объяснить маршрут/отсутствие через od, iz, do, bez и родительный падеж","Уточнить языковое средство для действия «Объяснить маршрут/отсутствие через od, iz, do, bez и родительный падеж»; текущая заметка: Idem iz škole; dolazim od lekara; do centra; bez šećera. Все эти предлоги часто требуют родительного.","Построить отдельную коммуникативную ситуацию, в которой ученик сможет: объяснить маршрут/отсутствие через od, iz, do, bez и родительный падеж","m11l6","editorial_planning_only","NO","NO","TZv3 Appendix A + existing content"
"m11l8","A2","70","Объяснить происхождение вещи и принадлежность без русской кальки","Уточнить языковое средство для действия «Объяснить происхождение вещи и принадлежность без русской кальки»; текущая заметка: Ovo je torba moje sestre. — Это сумка моей сестры. Я из Сербии — Ja sam iz Srbije.","Построить отдельную коммуникативную ситуацию, в которой ученик сможет: объяснить происхождение вещи и принадлежность без русской кальки","m11l7","editorial_planning_only","NO","NO","TZv3 Appendix A + existing content"
"m11l9","A2","71","В многоситуационном диалоге выбрать именительный, винительный или родительный без подсказки","Уточнить языковое средство для действия «В многоситуационном диалоге выбрать именительный, винительный или родительный без подсказки»; текущая заметка: Сравни: škola / vidim školu / nema škole. Задавай вопрос к каждому слову.","Построить отдельную коммуникативную ситуацию, в которой ученик сможет: в многоситуационном диалоге выбрать именительный, винительный или родительный без подсказки","m11l8","editorial_planning_only","NO","NO","TZv3 Appendix A + existing content"
"m12l1","A2","72","Адресовать простую передачу или помощь получателю с дательным падежом","Уточнить языковое средство для действия «Адресовать простую передачу или помощь получателю с дательным падежом»; текущая заметка: Dativ отвечает на kome? čemu? Dajem knjigu detetu. — Даю книгу ребёнку.","Построить отдельную коммуникативную ситуацию, в которой ученик сможет: адресовать простую передачу или помощь получателю с дательным падежом","m11l9","editorial_planning_only","NO","NO","TZv3 Appendix A + existing content"
"m12l2","A2","73","Понять и использовать типовые конструкции дательного падежа с предложенными предлогами","Уточнить языковое средство для действия «Понять и использовать типовые конструкции дательного падежа с предложенными предлогами»; текущая заметка: Idem ka centru. — Я иду к центру. Priđi meni. — Подойди ко мне.","Построить отдельную коммуникативную ситуацию, в которой ученик сможет: понять и использовать типовые конструкции дательного падежа с предложенными предлогами","m12l1","editorial_planning_only","NO","NO","TZv3 Appendix A + existing content"
"m12l3","A2","74","Рассказать о месте проживания или учёбы, употребляя местный падеж","Уточнить языковое средство для действия «Рассказать о месте проживания или учёбы, употребляя местный падеж»; текущая заметка: Lokativ употребляется с предлогами: u školi, na poslu, o prijatelju. Без предлога он почти не используется.","Построить отдельную коммуникативную ситуацию, в которой ученик сможет: рассказать о месте проживания или учёбы, употребляя местный падеж","m12l2","editorial_planning_only","NO","NO","TZv3 Appendix A + existing content"
"m12l4","A2","75","Сопоставить «идти в школу» и «находиться в школе» на наборе новых ситуаций","Уточнить языковое средство для действия «Сопоставить «идти в школу» и «находиться в школе» на наборе новых ситуаций»; текущая заметка: Idem u školu (куда?) — винительный. Radim u školi (где?) — местный.","Построить отдельную коммуникативную ситуацию, в которой ученик сможет: сопоставить «идти в школу» и «находиться в школе» на наборе новых ситуаций","m12l3","editorial_planning_only","NO","NO","TZv3 Appendix A + existing content"
"m12l5","A2","76","Назвать попутчика и составить приглашение с творительным падежом","Уточнить языковое средство для действия «Назвать попутчика и составить приглашение с творительным падежом»; текущая заметка: Instrumental: sa prijateljem, sa detetom. С «кем?» форму легче запомнить в диалоге.","Построить отдельную коммуникативную ситуацию, в которой ученик сможет: назвать попутчика и составить приглашение с творительным падежом","m12l4","editorial_planning_only","NO","NO","TZv3 Appendix A + existing content"
"m12l6","A2","77","Объяснить инструмент действия в бытовой ситуации через творительный падеж","Уточнить языковое средство для действия «Объяснить инструмент действия в бытовой ситуации через творительный падеж»; текущая заметка: Pišem olovkom. — Пишу карандашом. Без предлога инструмент также передаётся творительным.","Построить отдельную коммуникативную ситуацию, в которой ученик сможет: объяснить инструмент действия в бытовой ситуации через творительный падеж","m12l5","editorial_planning_only","NO","NO","TZv3 Appendix A + existing content"
"m12l7","A2","78","Правильно обратиться к знакомому и незнакомому человеку со звательным падежом","Уточнить языковое средство для действия «Правильно обратиться к знакомому и незнакомому человеку со звательным падежом»; текущая заметка: Vokativ используется в обращениях: Marko!, Ana!, prijatelju! Форма зависит от слова.","Построить отдельную коммуникативную ситуацию, в которой ученик сможет: правильно обратиться к знакомому и незнакомому человеку со звательным падежом","m12l6","editorial_planning_only","NO","NO","TZv3 Appendix A + existing content"
"m12l8","A2","79","Преобразовать краткие местоименные формы в контекстах с разными падежами","Уточнить языковое средство для действия «Преобразовать краткие местоименные формы в контекстах с разными падежами»; текущая заметка: Mene, meni, me; tebe, tebi, te. Начни с готовых сочетаний: sa mnom, kod mene.","Построить отдельную коммуникативную ситуацию, в которой ученик сможет: преобразовать краткие местоименные формы в контекстах с разными падежами","m12l7","editorial_planning_only","NO","NO","TZv3 Appendix A + existing content"
"m12l9","A2","80","Провести неожиданный разговор с осознанным выбором всех семи падежей","Уточнить языковое средство для действия «Провести неожиданный разговор с осознанным выбором всех семи падежей»; текущая заметка: Разбери, почему «друг» звучит по-разному: prijatelj / prijatelju / prijatelja / prijateljem.","Построить отдельную коммуникативную ситуацию, в которой ученик сможет: провести неожиданный разговор с осознанным выбором всех семи падежей","m12l8","editorial_planning_only","NO","NO","TZv3 Appendix A + existing content"
"m13l1","A2","81","Рассказать о трёх завершённых действиях вчера, согласуя род в прошедшем времени","Уточнить языковое средство для действия «Рассказать о трёх завершённых действиях вчера, согласуя род в прошедшем времени»; текущая заметка: Прошедшее время часто образуется с sam/si/je и причастием: radio sam (м.), radila sam (ж.).","Построить отдельную коммуникативную ситуацию, в которой ученик сможет: рассказать о трёх завершённых действиях вчера, согласуя род в прошедшем времени","m12l9","editorial_planning_only","NO","NO","TZv3 Appendix A + existing content"
"m13l2","A2","82","Восстановить последовательность событий прошлой недели по коротким сообщениям","Уточнить языковое средство для действия «Восстановить последовательность событий прошлой недели по коротким сообщениям»; текущая заметка: Juče sam radio. Prošle nedelje smo putovali. Согласуй прошедшую форму с родом и числом.","Построить отдельную коммуникативную ситуацию, в которой ученик сможет: восстановить последовательность событий прошлой недели по коротким сообщениям","m13l1","editorial_planning_only","NO","NO","TZv3 Appendix A + existing content"
"m13l3","A2","83","Оформить планы на завтра с ću, ćeš, će в утвердительной и отрицательной речи","Уточнить языковое средство для действия «Оформить планы на завтра с ću, ćeš, će в утвердительной и отрицательной речи»; текущая заметка: Sutra ću raditi. — Завтра буду работать. Также: Radiću sutra. Позиция частиц важна.","Построить отдельную коммуникативную ситуацию, в которой ученик сможет: оформить планы на завтра с ću, ćeš, će в утвердительной и отрицательной речи","m13l2","editorial_planning_only","NO","NO","TZv3 Appendix A + existing content"
"m13l4","A2","84","Вежливо спросить о возможности действия с mogu/možeš","Уточнить языковое средство для действия «Вежливо спросить о возможности действия с mogu/možeš»; текущая заметка: Mogu da dođem. — Я могу прийти. Ne mogu danas. — Сегодня не могу.","Построить отдельную коммуникативную ситуацию, в которой ученик сможет: вежливо спросить о возможности действия с mogu/možeš","m13l3","editorial_planning_only","NO","NO","TZv3 Appendix A + existing content"
"m13l5","A2","85","Объяснить две личные обязанности с moram, отличая их от желания","Уточнить языковое средство для действия «Объяснить две личные обязанности с moram, отличая их от желания»; текущая заметка: Moram da idem. — Мне нужно идти. Ne moram da radim. — Мне не обязательно работать.","Построить отдельную коммуникативную ситуацию, в которой ученик сможет: объяснить две личные обязанности с moram, отличая их от желания","m13l4","editorial_planning_only","NO","NO","TZv3 Appendix A + existing content"
"m13l6","A2","86","Сформулировать потребность или рекомендацию с treba без русской конструкции","Уточнить языковое средство для действия «Сформулировать потребность или рекомендацию с treba без русской конструкции»; текущая заметка: Treba da platim račun. — Мне нужно оплатить счёт. У слова treba есть разные грамматические конструкции.","Построить отдельную коммуникативную ситуацию, в которой ученик сможет: сформулировать потребность или рекомендацию с treba без русской конструкции","m13l5","editorial_planning_only","NO","NO","TZv3 Appendix A + existing content"
"m13l7","A2","87","Различить просьбу, прямое желание и вежливое предпочтение через želim, hoću, voleo bih","Уточнить языковое средство для действия «Различить просьбу, прямое желание и вежливое предпочтение через želim, hoću, voleo bih»; текущая заметка: Želim da zakažem termin — вежливо. Hoću da... — более прямое «хочу».","Построить отдельную коммуникативную ситуацию, в которой ученик сможет: различить просьбу, прямое желание и вежливое предпочтение через želim, hoću, voleo bih","m13l6","editorial_planning_only","NO","NO","TZv3 Appendix A + existing content"
"m13l8","A2","88","Применить se с несколькими употребительными возвратными глаголами в простых предложениях","Уточнить языковое средство для действия «Применить se с несколькими употребительными возвратными глаголами в простых предложениях»; текущая заметка: Zovem se, sećam se, osećam se. Короткое se занимает определённое место в предложении.","Построить отдельную коммуникативную ситуацию, в которой ученик сможет: применить se с несколькими употребительными возвратными глаголами в простых предложениях","m13l7","editorial_planning_only","NO","NO","TZv3 Appendix A + existing content"
"m13l9","A2","89","Составить самостоятельный план недели и объяснить, что изменилось со вчерашнего дня","Уточнить языковое средство для действия «Составить самостоятельный план недели и объяснить, что изменилось со вчерашнего дня»; текущая заметка: Соедини prošle недеље, danas, sutra, sledeće nedelje в одном небольшом рассказе.","Построить отдельную коммуникативную ситуацию, в которой ученик сможет: составить самостоятельный план недели и объяснить, что изменилось со вчерашнего дня","m13l8","editorial_planning_only","NO","NO","TZv3 Appendix A + existing content"
"m14l1","A2","90","Дать понятную короткую инструкцию в повелительном наклонении","Уточнить языковое средство для действия «Дать понятную короткую инструкцию в повелительном наклонении»; текущая заметка: Dođi! — Приходи! Dođite! — Приходите! Добавляй molim vas для вежливости.","Построить отдельную коммуникативную ситуацию, в которой ученик сможет: дать понятную короткую инструкцию в повелительном наклонении","m13l9","editorial_planning_only","NO","NO","TZv3 Appendix A + existing content"
"m14l2","A2","91","Попросить незнакомца о конкретной помощи без излишнего давления","Уточнить языковое средство для действия «Попросить незнакомца о конкретной помощи без излишнего давления»; текущая заметка: Možete li da mi pomognete? — Можете мне помочь? Избегай буквального калькирования русских фраз.","Построить отдельную коммуникативную ситуацию, в которой ученик сможет: попросить незнакомца о конкретной помощи без излишнего давления","m14l1","editorial_planning_only","NO","NO","TZv3 Appendix A + existing content"
"m14l3","A2","92","Сравнить две квартиры или два предложения по трём признакам","Уточнить языковое средство для действия «Сравнить две квартиры или два предложения по трём признакам»; текущая заметка: Lep, lepši, najlepši. Velik, veći, najveći. Сравнительная степень не всегда строится по одной модели.","Построить отдельную коммуникативную ситуацию, в которой ученик сможет: сравнить две квартиры или два предложения по трём признакам","m14l2","editorial_planning_only","NO","NO","TZv3 Appendix A + existing content"
"m14l4","A2","93","Обосновать выбор между двумя вариантами, применяя сравнение и простые причины","Уточнить языковое средство для действия «Обосновать выбор между двумя вариантами, применяя сравнение и простые причины»; текущая заметка: Više volim čaj nego kafu. — Я больше люблю чай, чем кофе.","Построить отдельную коммуникативную ситуацию, в которой ученик сможет: обосновать выбор между двумя вариантами, применяя сравнение и простые причины","m14l3","editorial_planning_only","NO","NO","TZv3 Appendix A + existing content"
"m14l5","A2","94","Различать частотные глаголы движения по направлению и способу передвижения","Уточнить языковое средство для действия «Различать частотные глаголы движения по направлению и способу передвижения»; текущая заметка: Idem (иду), dolazim (прихожу), odlazim (ухожу), vraćam se (возвращаюсь).","Построить отдельную коммуникативную ситуацию, в которой ученик сможет: различать частотные глаголы движения по направлению и способу передвижения","m14l4","editorial_planning_only","NO","NO","TZv3 Appendix A + existing content"
"m14l6","A2","95","Рассказать о поездке от отправления до прибытия с точными глаголами движения","Уточнить языковое средство для действия «Рассказать о поездке от отправления до прибытия с точными глаголами движения»; текущая заметка: Пешее движение: ići пешком. На транспорте: ići autobusom или voziti se autobusom.","Построить отдельную коммуникативную ситуацию, в которой ученик сможет: рассказать о поездке от отправления до прибытия с точными глаголами движения","m14l5","editorial_planning_only","NO","NO","TZv3 Appendix A + existing content"
"m14l7","A2","96","Объяснить маршрут с поворотами и проверкой понимания собеседником","Уточнить языковое средство для действия «Объяснить маршрут с поворотами и проверкой понимания собеседником»; текущая заметка: Skrenite levo kod semafora. — Поверните налево у светофора.","Построить отдельную коммуникативную ситуацию, в которой ученик сможет: объяснить маршрут с поворотами и проверкой понимания собеседником","m14l6","editorial_planning_only","NO","NO","TZv3 Appendix A + existing content"
"m14l8","A2","97","Переспросить, уточнить и перефразировать непонятное указание на сербском","Уточнить языковое средство для действия «Переспросить, уточнить и перефразировать непонятное указание на сербском»; текущая заметка: Nisam razumeo, možete li da ponovite? Разговорное «понятно»: Razumem.","Построить отдельную коммуникативную ситуацию, в которой ученик сможет: переспросить, уточнить и перефразировать непонятное указание на сербском","m14l7","editorial_planning_only","NO","NO","TZv3 Appendix A + existing content"
"m14l9","A2","98","Провести путешественника через новый маршрут с вынужденным изменением дороги","Уточнить языковое средство для действия «Провести путешественника через новый маршрут с вынужденным изменением дороги»; текущая заметка: Объясни, как найти аптеку, остановку и школу. Используй вежливое vi и формы повелительного наклонения.","Построить отдельную коммуникативную ситуацию, в которой ученик сможет: провести путешественника через новый маршрут с вынужденным изменением дороги","m14l8","editorial_planning_only","NO","NO","TZv3 Appendix A + existing content"
"m15l1","A2","99","Уточнить у учителя задание и сроки ответа в уважительном школьном диалоге","Уточнить языковое средство для действия «Уточнить у учителя задание и сроки ответа в уважительном школьном диалоге»; текущая заметка: Dobar dan, imam pitanje u vezi sa domaćim zadatkom. — Добрый день, есть вопрос о домашнем задании.","Построить отдельную коммуникативную ситуацию, в которой ученик сможет: уточнить у учителя задание и сроки ответа в уважительном школьном диалоге","m14l9","editorial_planning_only","NO","NO","TZv3 Appendix A + existing content"
"m15l2","A2","100","Прочитать сообщение об экскурсии и заполнить языковую модель согласия или отказа","Уточнить языковое средство для действия «Прочитать сообщение об экскурсии и заполнить языковую модель согласия или отказа»; текущая заметка: Saglasnost — согласие, izlet — экскурсия. Уточняй дату, цену и необходимые документы.","Построить отдельную коммуникативную ситуацию, в которой ученик сможет: прочитать сообщение об экскурсии и заполнить языковую модель согласия или отказа","m15l1","editorial_planning_only","NO","NO","TZv3 Appendix A + existing content"
"m15l3","A2","101","Уточнить доступное время частного педиатрического приёма и вид документа","Уточнить языковое средство для действия «Уточнить доступное время частного педиатрического приёма и вид документа»; текущая заметка: Treba nam pregled kod pedijatra. — Нам нужен осмотр у педиатра.","Построить отдельную коммуникативную ситуацию, в которой ученик сможет: уточнить доступное время частного педиатрического приёма и вид документа","m15l2","editorial_planning_only","NO","NO","TZv3 Appendix A + existing content"
"m15l4","A2","102","Объяснить наблюдаемые симптомы ребёнка по структуре когда/как долго/что беспокоит","Уточнить языковое средство для действия «Объяснить наблюдаемые симптомы ребёнка по структуре когда/как долго/что беспокоит»; текущая заметка: Dete ima temperaturu / kašalj. Скажи, когда началось и есть ли лекарства.","Построить отдельную коммуникативную ситуацию, в которой ученик сможет: объяснить наблюдаемые симптомы ребёнка по структуре когда/как долго/что беспокоит","m15l3","editorial_planning_only","NO","NO","TZv3 Appendix A + existing content"
"m15l5","A2","103","Понять поля учебного медицинского листа и подготовить языковую модель ответов","Уточнить языковое средство для действия «Понять поля учебного медицинского листа и подготовить языковую модель ответов»; текущая заметка: Ime i prezime, datum rođenja, adresa, kontakt telefon. Обязательно проверяй написание имён.","Построить отдельную коммуникативную ситуацию, в которой ученик сможет: понять поля учебного медицинского листа и подготовить языковую модель ответов","m15l4","editorial_planning_only","NO","NO","TZv3 Appendix A + existing content"
"m15l6","A2","104","Спросить хозяина жилья о ремонте и согласовать время посещения","Уточнить языковое средство для действия «Спросить хозяина жилья о ремонте и согласовать время посещения»; текущая заметка: Stanarina / kirija, depozit, ugovor. Объясняй неисправности спокойно и конкретно.","Построить отдельную коммуникативную ситуацию, в которой ученик сможет: спросить хозяина жилья о ремонте и согласовать время посещения","m15l5","editorial_planning_only","NO","NO","TZv3 Appendix A + existing content"
"m15l7","A2","105","Прочитать коммунальную квитанцию и уточнить непонятную позицию","Уточнить языковое средство для действия «Прочитать коммунальную квитанцию и уточнить непонятную позицию»; текущая заметка: Račun za struju, grejanje, vodu. Сверяй период и дату оплаты.","Построить отдельную коммуникативную ситуацию, в которой ученик сможет: прочитать коммунальную квитанцию и уточнить непонятную позицию","m15l6","editorial_planning_only","NO","NO","TZv3 Appendix A + existing content"
"m15l8","A2","106","Объяснить провайдеру симптом неисправности и уточнить следующий шаг","Уточнить языковое средство для действия «Объяснить провайдеру симптом неисправности и уточнить следующий шаг»; текущая заметка: Internet ne radi. Potreban mi je novi paket. Опиши проблему и спроси о сроках.","Построить отдельную коммуникативную ситуацию, в которой ученик сможет: объяснить провайдеру симптом неисправности и уточнить следующий шаг","m15l7","editorial_planning_only","NO","NO","TZv3 Appendix A + existing content"
"m15l9","A2","107","Пройти семейный сценарий с переключением между школой, врачом и обслуживанием жилья","Уточнить языковое средство для действия «Пройти семейный сценарий с переключением между школой, врачом и обслуживанием жилья»; текущая заметка: Выбери школу, врача или квартиру. Составь вежливый запрос из четырёх предложений.","Построить отдельную коммуникативную ситуацию, в которой ученик сможет: пройти семейный сценарий с переключением между школой, врачом и обслуживанием жилья","m15l8","editorial_planning_only","NO","NO","TZv3 Appendix A + existing content"
"m16l1","A2","108","Спросить банковского сотрудника о доступной услуге и необходимых документах","Уточнить языковое средство для действия «Спросить банковского сотрудника о доступной услуге и необходимых документах»; текущая заметка: Želim da otvorim račun. — Я хочу открыть счёт. Уточняй комиссии и документы.","Построить отдельную коммуникативную ситуацию, в которой ученик сможет: спросить банковского сотрудника о доступной услуге и необходимых документах","m15l9","editorial_planning_only","NO","NO","TZv3 Appendix A + existing content"
"m16l2","A2","109","Уточнить пополнение/снятие средств или оформление карты в нейтральной формулировке","Уточнить языковое средство для действия «Уточнить пополнение/снятие средств или оформление карты в нейтральной формулировке»; текущая заметка: Uplata, isplata, bankomat. Različite vrste računa — разные виды счетов.","Построить отдельную коммуникативную ситуацию, в которой ученик сможет: уточнить пополнение/снятие средств или оформление карты в нейтральной формулировке","m16l1","editorial_planning_only","NO","NO","TZv3 Appendix A + existing content"
"m16l3","A2","110","Отправить письмо/посылку и понять сообщение о получении и сроке","Уточнить языковое средство для действия «Отправить письмо/посылку и понять сообщение о получении и сроке»; текущая заметка: Želim da pošaljem paket. — Хочу отправить посылку. Praćenje pošiljke — отслеживание отправления.","Построить отдельную коммуникативную ситуацию, в которой ученик сможет: отправить письмо/посылку и понять сообщение о получении и сроке","m16l2","editorial_planning_only","NO","NO","TZv3 Appendix A + existing content"
"m16l4","A2","111","Объяснить цель обращения сотруднику учреждения и задать вопрос о порядке действий","Уточнить языковое средство для действия «Объяснить цель обращения сотруднику учреждения и задать вопрос о порядке действий»; текущая заметка: Koja dokumenta su potrebna? — Какие документы нужны? Внимание: dokumenta — форма множественного числа.","Построить отдельную коммуникативную ситуацию, в которой ученик сможет: объяснить цель обращения сотруднику учреждения и задать вопрос о порядке действий","m16l3","editorial_planning_only","NO","NO","TZv3 Appendix A + existing content"
"m16l5","A2","112","Запросить статус ранее поданного заявления и назвать его номер","Уточнить языковое средство для действия «Запросить статус ранее поданного заявления и назвать его номер»; текущая заметка: Podneo sam zahtev. — Я подал заявление (м.). Уточняй номер и дату.","Построить отдельную коммуникативную ситуацию, в которой ученик сможет: запросить статус ранее поданного заявления и назвать его номер","m16l4","editorial_planning_only","NO","NO","TZv3 Appendix A + existing content"
"m16l6","A2","113","Понять в форме слова о сроке пребывания и спросить, куда подать документы","Уточнить языковое средство для действия «Понять в форме слова о сроке пребывания и спросить, куда подать документы»; текущая заметка: Prijava boravka, beli karton, boravišna dozvola. Юридические правила могут меняться: здесь учим только лексику.","Построить отдельную коммуникативную ситуацию, в которой ученик сможет: понять в форме слова о сроке пребывания и спросить, куда подать документы","m16l5","editorial_planning_only","NO","NO","TZv3 Appendix A + existing content"
"m16l7","A2","114","Попросить уточнить ожидаемый срок ответа и способ уведомления","Уточнить языковое средство для действия «Попросить уточнить ожидаемый срок ответа и способ уведомления»; текущая заметка: Kada mogu da očekujem odgovor? — Когда можно ожидать ответа?","Построить отдельную коммуникативную ситуацию, в которой ученик сможет: попросить уточнить ожидаемый срок ответа и способ уведомления","m16l6","editorial_planning_only","NO","NO","TZv3 Appendix A + existing content"
"m16l8","A2","115","Составить короткое официальное письмо о статусе дела с вежливым завершением","Уточнить языковое средство для действия «Составить короткое официальное письмо о статусе дела с вежливым завершением»; текущая заметка: Poštovani, molim vas za informaciju... Srdačan pozdrav. В письмах важны обращение и краткость.","Построить отдельную коммуникативную ситуацию, в которой ученик сможет: составить короткое официальное письмо о статусе дела с вежливым завершением","m16l7","editorial_planning_only","NO","NO","TZv3 Appendix A + existing content"
"m16l9","A2","116","Провести роль заявителя в новом диалоге с отсутствующим документом","Уточнить языковое средство для действия «Провести роль заявителя в новом диалоге с отсутствующим документом»; текущая заметка: Спроси, все ли документы получены, нужно ли что-то дополнить и когда ожидать решение.","Построить отдельную коммуникативную ситуацию, в которой ученик сможет: провести роль заявителя в новом диалоге с отсутствующим документом","m16l8","editorial_planning_only","NO","NO","TZv3 Appendix A + existing content"
"m17l1","A2","117","Представиться по телефону, подтвердить адресата и сформулировать цель звонка","Уточнить языковое средство для действия «Представиться по телефону, подтвердить адресата и сформулировать цель звонка»; текущая заметка: Dobar dan, zovem u vezi sa... — Здравствуйте, звоню по поводу...","Построить отдельную коммуникативную ситуацию, в которой ученик сможет: представиться по телефону, подтвердить адресата и сформулировать цель звонка","m16l9","editorial_planning_only","NO","NO","TZv3 Appendix A + existing content"
"m17l2","A2","118","Попросить говорить медленнее и повторить ключевые сведения","Уточнить языковое средство для действия «Попросить говорить медленнее и повторить ключевые сведения»; текущая заметка: Možete li, molim vas, da govorite sporije? — Не могли бы вы говорить медленнее?","Построить отдельную коммуникативную ситуацию, в которой ученик сможет: попросить говорить медленнее и повторить ключевые сведения","m17l1","editorial_planning_only","NO","NO","TZv3 Appendix A + existing content"
"m17l3","A2","119","Уточнить по телефону имя специалиста, дату и время визита","Уточнить языковое средство для действия «Уточнить по телефону имя специалиста, дату и время визита»; текущая заметка: Sa kim razgovaram? — С кем я разговариваю? U koliko sati? — Во сколько?","Построить отдельную коммуникативную ситуацию, в которой ученик сможет: уточнить по телефону имя специалиста, дату и время визита","m17l2","editorial_planning_only","NO","NO","TZv3 Appendix A + existing content"
"m17l4","A2","120","Вежливо предложить новое время встречи и получить подтверждение","Уточнить языковое средство для действия «Вежливо предложить новое время встречи и получить подтверждение»; текущая заметка: Da li možemo da pomerimo termin? — Можем перенести время?","Построить отдельную коммуникативную ситуацию, в которой ученик сможет: вежливо предложить новое время встречи и получить подтверждение","m17l3","editorial_planning_only","NO","NO","TZv3 Appendix A + existing content"
"m17l5","A2","121","Описать конкретную неисправность квартиры, отделяя симптом от причины","Уточнить языковое средство для действия «Описать конкретную неисправность квартиры, отделяя симптом от причины»; текущая заметка: Slavina curi; grejanje ne radi. Сообщи, что случилось и когда началось.","Построить отдельную коммуникативную ситуацию, в которой ученик сможет: описать конкретную неисправность квартиры, отделяя симптом от причины","m17l4","editorial_planning_only","NO","NO","TZv3 Appendix A + existing content"
"m17l6","A2","122","Составить нейтральную жалобу с фактом и просьбой об исправлении","Уточнить языковое средство для действия «Составить нейтральную жалобу с фактом и просьбой об исправлении»; текущая заметка: Želeo bih da prijavim problem. — Я хотел бы сообщить о проблеме.","Построить отдельную коммуникативную ситуацию, в которой ученик сможет: составить нейтральную жалобу с фактом и просьбой об исправлении","m17l5","editorial_planning_only","NO","NO","TZv3 Appendix A + existing content"
"m17l7","A2","123","Написать короткое Viber-сообщение с контекстом, просьбой и благодарностью","Уточнить языковое средство для действия «Написать короткое Viber-сообщение с контекстом, просьбой и благодарностью»; текущая заметка: Короткие вежливые сообщения: Dobar dan. Da li možemo da se čujemo sutra?","Построить отдельную коммуникативную ситуацию, в которой ученик сможет: написать короткое viber-сообщение с контекстом, просьбой и благодарностью","m17l6","editorial_planning_only","NO","NO","TZv3 Appendix A + existing content"
"m17l8","A2","124","Узнать номер заявки, ожидаемые действия и способ обратной связи","Уточнить языковое средство для действия «Узнать номер заявки, ожидаемые действия и способ обратной связи»; текущая заметка: Šta treba dalje da uradim? — Что мне делать дальше?","Построить отдельную коммуникативную ситуацию, в которой ученик сможет: узнать номер заявки, ожидаемые действия и способ обратной связи","m17l7","editorial_planning_only","NO","NO","TZv3 Appendix A + existing content"
"m17l9","A2","125","Решить непредсказуемый бытовой вопрос A2, уточнив три неизвестных обстоятельства","Уточнить языковое средство для действия «Решить непредсказуемый бытовой вопрос A2, уточнив три неизвестных обстоятельства»; текущая заметка: Представь, что звонит мастер, а тебе нужно изменить время визита. Уточни новый срок и поблагодари.","Построить отдельную коммуникативную ситуацию, в которой ученик сможет: решить непредсказуемый бытовой вопрос a2, уточнив три неизвестных обстоятельства","m17l8","editorial_planning_only","NO","NO","TZv3 Appendix A + existing content"
"m18l1","B1","126","Отличить процесс/повторяемость от разового завершения действия в контексте","Уточнить языковое средство для действия «Отличить процесс/повторяемость от разового завершения действия в контексте»; текущая заметка: Čitati — читать в процессе; pročitati — прочитать до конца. Один русский перевод не всегда раскрывает сербский вид.","Построить отдельную коммуникативную ситуацию, в которой ученик сможет: отличить процесс/повторяемость от разового завершения действия в контексте","m17l9","editorial_planning_only","NO","NO","TZv3 Appendix A + existing content"
"m18l2","B1","127","Выбрать pisati/napisati при написании сообщения и завершении текста","Уточнить языковое средство для действия «Выбрать pisati/napisati при написании сообщения и завершении текста»; текущая заметка: Pisao sam pismo — писал письмо. Napisao sam pismo — написал письмо. Разница в фокусе на процессе и результате.","Построить отдельную коммуникативную ситуацию, в которой ученик сможет: выбрать pisati/napisati при написании сообщения и завершении текста","m18l1","editorial_planning_only","NO","NO","TZv3 Appendix A + existing content"
"m18l3","B1","128","Различить kupovati/kupiti в планировании регулярных и конкретных покупок","Уточнить языковое средство для действия «Различить kupovati/kupiti в планировании регулярных и конкретных покупок»; текущая заметка: Svaki dan kupujem hleb; juče sam kupio hleb. Повторяемость и единичное законченное действие.","Построить отдельную коммуникативную ситуацию, в которой ученик сможет: различить kupovati/kupiti в планировании регулярных и конкретных покупок","m18l2","editorial_planning_only","NO","NO","TZv3 Appendix A + existing content"
"m18l4","B1","129","Применить raditi/uraditi при рассказе о работе и завершённом результате","Уточнить языковое средство для действия «Применить raditi/uraditi при рассказе о работе и завершённом результате»; текущая заметка: Radim zadatak — делаю задание; uradio sam zadatak — выполнил задание. Не все пары строятся одним приставочным способом.","Построить отдельную коммуникативную ситуацию, в которой ученик сможет: применить raditi/uraditi при рассказе о работе и завершённом результате","m18l3","editorial_planning_only","NO","NO","TZv3 Appendix A + existing content"
"m18l5","B1","130","Различить dolaziti/doći при регулярных визитах и одном прибытии","Уточнить языковое средство для действия «Различить dolaziti/doći при регулярных визитах и одном прибытии»; текущая заметка: Dolazim često; došao sam juče. У глаголов движения меняется и основа.","Построить отдельную коммуникативную ситуацию, в которой ученик сможет: различить dolaziti/doći при регулярных визитах и одном прибытии","m18l4","editorial_planning_only","NO","NO","TZv3 Appendix A + existing content"
"m18l6","B1","131","Выбрать вид глагола в отрицаниях по смыслу, а не по русской кальке","Уточнить языковое средство для действия «Выбрать вид глагола в отрицаниях по смыслу, а не по русской кальке»; текущая заметка: Nisam pročitao knjigu — не дочитал/не прочитал книгу. Nisam čitao knjigu — не читал книгу (о процессе).","Построить отдельную коммуникативную ситуацию, в которой ученик сможет: выбрать вид глагола в отрицаниях по смыслу, а не по русской кальке","m18l5","editorial_planning_only","NO","NO","TZv3 Appendix A + existing content"
"m18l7","B1","132","Сопоставить процесс и результат в просьбе и планировании обязанностей","Уточнить языковое средство для действия «Сопоставить процесс и результат в просьбе и планировании обязанностей»; текущая заметка: Piši mi — пиши мне; napiši mi — напиши мне. Выбор зависит от ситуации и оттенка просьбы.","Построить отдельную коммуникативную ситуацию, в которой ученик сможет: сопоставить процесс и результат в просьбе и планировании обязанностей","m18l6","editorial_planning_only","NO","NO","TZv3 Appendix A + existing content"
"m18l8","B1","133","Выбрать вид в будущих событиях с различимым смысловым эффектом","Уточнить языковое средство для действия «Выбрать вид в будущих событиях с различимым смысловым эффектом»; текущая заметка: Sutra ću čitati; sutra ću pročitati. Можно планировать процесс или результат.","Построить отдельную коммуникативную ситуацию, в которой ученик сможет: выбрать вид в будущих событиях с различимым смысловым эффектом","m18l7","editorial_planning_only","NO","NO","TZv3 Appendix A + existing content"
"m18l9","B1","134","Написать историю дня с плановыми и завершившимися действиями","Уточнить языковое средство для действия «Написать историю дня с плановыми и завершившимися действиями»; текущая заметка: Сравни последовательность событий: išao sam, kupio sam, vratio sam se. Вид помогает делать рассказ связным.","Построить отдельную коммуникативную ситуацию, в которой ученик сможет: написать историю дня с плановыми и завершившимися действиями","m18l8","editorial_planning_only","NO","NO","TZv3 Appendix A + existing content"
"m18l10","B1","135","Объяснить чужую ошибку вида и переработать текст с 8 аспектуальными контрастами","Уточнить языковое средство для действия «Объяснить чужую ошибку вида и переработать текст с 8 аспектуальными контрастами»; текущая заметка: Выбери правильную форму по контексту и объясни разницу, а не просто переведи на русский.","Построить отдельную коммуникативную ситуацию, в которой ученик сможет: объяснить чужую ошибку вида и переработать текст с 8 аспектуальными контрастами","m18l9","editorial_planning_only","NO","NO","TZv3 Appendix A + existing content"
"m19l1","B1","136","Объяснить причину бытового решения через zato što/jer с естественным порядком","Уточнить языковое средство для действия «Объяснить причину бытового решения через zato što/jer с естественным порядком»; текущая заметка: Ostao sam kod kuće zato što sam bio bolestan. — Остался дома, потому что болел.","Построить отдельную коммуникативную ситуацию, в которой ученик сможет: объяснить причину бытового решения через zato što/jer с естественным порядком","m18l10","editorial_planning_only","NO","NO","TZv3 Appendix A + existing content"
"m19l2","B1","137","Выстроить следствие из двух фактов через zato/zbog toga без тавтологии","Уточнить языковое средство для действия «Выстроить следствие из двух фактов через zato/zbog toga без тавтологии»; текущая заметка: Pada kiša, zato ostajem kod kuće. — Дождь, поэтому остаюсь дома.","Построить отдельную коммуникативную ситуацию, в которой ученик сможет: выстроить следствие из двух фактов через zato/zbog toga без тавтологии","m19l1","editorial_planning_only","NO","NO","TZv3 Appendix A + existing content"
"m19l3","B1","138","Описать реалистичное условие «если…, то…» для жизненного плана","Уточнить языковое средство для действия «Описать реалистичное условие «если…, то…» для жизненного плана»; текущая заметка: Ako imaš vremena, dođi. — Если у тебя есть время, приходи.","Построить отдельную коммуникативную ситуацию, в которой ученик сможет: описать реалистичное условие «если…, то…» для жизненного плана","m19l2","editorial_planning_only","NO","NO","TZv3 Appendix A + existing content"
"m19l4","B1","139","Сформулировать вежливое условное предложение с bih, bi, bismo","Уточнить языковое средство для действия «Сформулировать вежливое условное предложение с bih, bi, bismo»; текущая заметка: Voleo bih da znam. — Я хотел бы знать. Условные формы зависят от лица.","Построить отдельную коммуникативную ситуацию, в которой ученик сможет: сформулировать вежливое условное предложение с bih, bi, bismo","m19l3","editorial_planning_only","NO","NO","TZv3 Appendix A + existing content"
"m19l5","B1","140","Использовать da-придаточное после нужного управляющего выражения","Уточнить языковое средство для действия «Использовать da-придаточное после нужного управляющего выражения»; текущая заметка: Znam da dolaziš. — Я знаю, что ты приходишь. Da также употребляется после модальных глаголов.","Построить отдельную коммуникативную ситуацию, в которой ученик сможет: использовать da-придаточное после нужного управляющего выражения","m19l4","editorial_planning_only","NO","NO","TZv3 Appendix A + existing content"
"m19l6","B1","141","Добавить определение через koji к существительному с согласованием","Уточнить языковое средство для действия «Добавить определение через koji к существительному с согласованием»; текущая заметка: To je čovek koji radi ovde. — Это человек, который работает здесь.","Построить отдельную коммуникативную ситуацию, в которой ученик сможет: добавить определение через koji к существительному с согласованием","m19l5","editorial_planning_only","NO","NO","TZv3 Appendix A + existing content"
"m19l7","B1","142","Заменить повторяемое существительное краткой формой местоимения","Уточнить языковое средство для действия «Заменить повторяемое существительное краткой формой местоимения»; текущая заметка: Vidim ga, ali ga ne poznajem. Клитики обычно занимают вторую синтаксическую позицию в предложении.","Построить отдельную коммуникативную ситуацию, в которой ученик сможет: заменить повторяемое существительное краткой формой местоимения","m19l6","editorial_planning_only","NO","NO","TZv3 Appendix A + existing content"
"m19l8","B1","143","Правильно расположить несколько клитик в новом сложном предложении","Уточнить языковое средство для действия «Правильно расположить несколько клитик в новом сложном предложении»; текущая заметка: Dao sam mu je. Сочетания местоимений требуют особого порядка, который лучше усваивать на живых примерах.","Построить отдельную коммуникативную ситуацию, в которой ученик сможет: правильно расположить несколько клитик в новом сложном предложении","m19l7","editorial_planning_only","NO","NO","TZv3 Appendix A + existing content"
"m19l9","B1","144","Пересказать одно высказывание в косвенной речи без изменения смысла","Уточнить языковое средство для действия «Пересказать одно высказывание в косвенной речи без изменения смысла»; текущая заметка: Rekao je da će doći. — Он сказал, что придёт.","Построить отдельную коммуникативную ситуацию, в которой ученик сможет: пересказать одно высказывание в косвенной речи без изменения смысла","m19l8","editorial_planning_only","NO","NO","TZv3 Appendix A + existing content"
"m19l10","B1","145","Собрать связный рассказ из 10–12 фраз с причинной и временной структурой","Уточнить языковое средство для действия «Собрать связный рассказ из 10–12 фраз с причинной и временной структурой»; текущая заметка: Свяжи пять коротких предложений через zato što, ali, ako, koji, iako.","Построить отдельную коммуникативную ситуацию, в которой ученик сможет: собрать связный рассказ из 10–12 фраз с причинной и временной структурой","m19l9","editorial_planning_only","NO","NO","TZv3 Appendix A + existing content"
"m20l1","B1","146","Переформулировать предложения с инфинитивом в естественные конструкции da + презенс","Уточнить языковое средство для действия «Переформулировать предложения с инфинитивом в естественные конструкции da + презенс»; текущая заметка: Hoću da idem и hoću ići: обе конструкции возможны, но da + prezent очень распространена в разговорном сербском.","Построить отдельную коммуникативную ситуацию, в которой ученик сможет: переформулировать предложения с инфинитивом в естественные конструкции da + презенс","m19l10","editorial_planning_only","NO","NO","TZv3 Appendix A + existing content"
"m20l2","B1","147","Понять прагматический смысл частиц pa, baš, eto в трёх контекстах","Уточнить языковое средство для действия «Понять прагматический смысл частиц pa, baš, eto в трёх контекстах»; текущая заметка: Pa dobro, baš lepo, eto tako — частицы передают отношение и зависят от интонации.","Построить отдельную коммуникативную ситуацию, в которой ученик сможет: понять прагматический смысл частиц pa, baš, eto в трёх контекстах","m20l1","editorial_planning_only","NO","NO","TZv3 Appendix A + existing content"
"m20l3","B1","148","Выразить наличие, отсутствие и принадлежность через imam/nemam","Уточнить языковое средство для действия «Выразить наличие, отсутствие и принадлежность через imam/nemam»; текущая заметка: Imam pitanje — у меня вопрос. Не копируй русское «у меня» буквально.","Построить отдельную коммуникативную ситуацию, в которой ученик сможет: выразить наличие, отсутствие и принадлежность через imam/nemam","m20l2","editorial_planning_only","NO","NO","TZv3 Appendix A + existing content"
"m20l4","B1","149","Описать что понравилось, кому понравилось, и пояснить выбор с sviđa mi se","Уточнить языковое средство для действия «Описать что понравилось, кому понравилось, и пояснить выбор с sviđa mi se»; текущая заметка: Sviđa mi se ovaj grad. Подлежащее здесь — то, что нравится.","Построить отдельную коммуникативную ситуацию, в которой ученик сможет: описать что понравилось, кому понравилось, и пояснить выбор с sviđa mi se","m20l3","editorial_planning_only","NO","NO","TZv3 Appendix A + existing content"
"m20l5","B1","150","Различить ложных друзей русского и сербского в реальных предложениях","Уточнить языковое средство для действия «Различить ложных друзей русского и сербского в реальных предложениях»; текущая заметка: Vredno, pravo, pozor — не всегда то же самое, что похожее русское слово. Проверяй контекст.","Построить отдельную коммуникативную ситуацию, в которой ученик сможет: различить ложных друзей русского и сербского в реальных предложениях","m20l4","editorial_planning_only","NO","NO","TZv3 Appendix A + existing content"
"m20l6","B1","151","Уместно использовать sada, trenutno, upravo для разных временных нюансов","Уточнить языковое средство для действия «Уместно использовать sada, trenutno, upravo для разных временных нюансов»; текущая заметка: Sada — сейчас, trenutno — в данный момент, upravo — как раз / только что в зависимости от контекста.","Построить отдельную коммуникативную ситуацию, в которой ученик сможет: уместно использовать sada, trenutno, upravo для разных временных нюансов","m20l5","editorial_planning_only","NO","NO","TZv3 Appendix A + existing content"
"m20l7","B1","152","Подобрать molim, izvolite, izvinite по роли говорящего и ситуации","Уточнить языковое средство для действия «Подобрать molim, izvolite, izvinite по роли говорящего и ситуации»; текущая заметка: Molim может означать «пожалуйста» или «слушаю»; izvolite — вежливое приглашение/передача; izvinite — извинение.","Построить отдельную коммуникативную ситуацию, в которой ученик сможет: подобрать molim, izvolite, izvinite по роли говорящего и ситуации","m20l6","editorial_planning_only","NO","NO","TZv3 Appendix A + existing content"
"m20l8","B1","153","Ответить на просьбу через važi/naravno/nema problema с верным регистром","Уточнить языковое средство для действия «Ответить на просьбу через važi/naravno/nema problema с верным регистром»; текущая заметка: Važi — договорились; naravno — конечно; nema problema — без проблем.","Построить отдельную коммуникативную ситуацию, в которой ученик сможет: ответить на просьбу через važi/naravno/nema problema с верным регистром","m20l7","editorial_planning_only","NO","NO","TZv3 Appendix A + existing content"
"m20l9","B1","154","Перевести одну просьбу между дружеской и официальной формой без потери смысла","Уточнить языковое средство для действия «Перевести одну просьбу между дружеской и официальной формой без потери смысла»; текущая заметка: Сравни «Da li biste mogli...?» и «Možeš li...?». Степень формальности выбирай по собеседнику.","Построить отдельную коммуникативную ситуацию, в которой ученик сможет: перевести одну просьбу между дружеской и официальной формой без потери смысла","m20l8","editorial_planning_only","NO","NO","TZv3 Appendix A + existing content"
"m20l10","B1","155","Провести живой разговор с уместными реакциями, переспросом и сменой темы","Уточнить языковое средство для действия «Провести живой разговор с уместными реакциями, переспросом и сменой темы»; текущая заметка: В одном разговоре используй естественное приветствие, просьбу об уточнении и завершение.","Построить отдельную коммуникативную ситуацию, в которой ученик сможет: провести живой разговор с уместными реакциями, переспросом и сменой темы","m20l9","editorial_planning_only","NO","NO","TZv3 Appendix A + existing content"
"m21l1","B1","156","Начать историю недавнего события с временным ориентиром и контекстом","Уточнить языковое средство для действия «Начать историю недавнего события с временным ориентиром и контекстом»; текущая заметка: Pre nekoliko dana sam išao u Beograd. — Несколько дней назад я ездил в Белград.","Построить отдельную коммуникативную ситуацию, в которой ученик сможет: начать историю недавнего события с временным ориентиром и контекстом","m20l10","editorial_planning_only","NO","NO","TZv3 Appendix A + existing content"
"m21l2","B1","157","Упорядочить рассказ по этапам prvo/zatim/na kraju, не теряя сути","Уточнить языковое средство для действия «Упорядочить рассказ по этапам prvo/zatim/na kraju, не теряя сути»; текущая заметка: Prvo smo otišli u centar, zatim smo ručali. — Сначала мы пошли в центр, потом пообедали.","Построить отдельную коммуникативную ситуацию, в которой ученик сможет: упорядочить рассказ по этапам prvo/zatim/na kraju, не теряя сути","m21l1","editorial_planning_only","NO","NO","TZv3 Appendix A + existing content"
"m21l3","B1","158","Объяснить фоновое действие и прерывающее его событие","Уточнить языковое средство для действия «Объяснить фоновое действие и прерывающее его событие»; текущая заметка: Dok sam čekao autobus, počela je kiša. — Пока ждал автобус, пошёл дождь.","Построить отдельную коммуникативную ситуацию, в которой ученик сможет: объяснить фоновое действие и прерывающее его событие","m21l2","editorial_planning_only","NO","NO","TZv3 Appendix A + existing content"
"m21l4","B1","159","Сопоставить прошлую привычку и разовое воспоминание","Уточнить языковое средство для действия «Сопоставить прошлую привычку и разовое воспоминание»; текущая заметка: Ranije sam živeo u drugom gradu. — Раньше я жил в другом городе.","Построить отдельную коммуникативную ситуацию, в которой ученик сможет: сопоставить прошлую привычку и разовое воспоминание","m21l3","editorial_planning_only","NO","NO","TZv3 Appendix A + existing content"
"m21l5","B1","160","Рассказать о среднесрочных планах с причиной выбора","Уточнить языковое средство для действия «Рассказать о среднесрочных планах с причиной выбора»; текущая заметка: Planiram da promenim posao. — Планирую сменить работу.","Построить отдельную коммуникативную ситуацию, в которой ученик сможет: рассказать о среднесрочных планах с причиной выбора","m21l4","editorial_planning_only","NO","NO","TZv3 Appendix A + existing content"
"m21l6","B1","161","Договориться о будущем совместном деле и подтвердить обязанности","Уточнить языковое средство для действия «Договориться о будущем совместном деле и подтвердить обязанности»; текущая заметка: Javiću ti kada stignem. — Сообщу, когда приеду.","Построить отдельную коммуникативную ситуацию, в которой ученик сможет: договориться о будущем совместном деле и подтвердить обязанности","m21l5","editorial_planning_only","NO","NO","TZv3 Appendix A + existing content"
"m21l7","B1","162","Описать изменение обстоятельств и скорректировать план","Уточнить языковое средство для действия «Описать изменение обстоятельств и скорректировать план»; текущая заметка: Ispostavilo se da je termin pomeren. — Оказалось, что время перенесли.","Построить отдельную коммуникативную ситуацию, в которой ученик сможет: описать изменение обстоятельств и скорректировать план","m21l6","editorial_planning_only","NO","NO","TZv3 Appendix A + existing content"
"m21l8","B1","163","Аргументировать личное решение через причины и последствия","Уточнить языковое средство для действия «Аргументировать личное решение через причины и последствия»; текущая заметка: Odlučio sam da ostanem jer... — Я решил остаться, потому что...","Построить отдельную коммуникативную ситуацию, в которой ученик сможет: аргументировать личное решение через причины и последствия","m21l7","editorial_planning_only","NO","NO","TZv3 Appendix A + existing content"
"m21l9","B1","164","Пересказать незнакомую короткую историю по основным опорам","Уточнить языковое средство для действия «Пересказать незнакомую короткую историю по основным опорам»; текущая заметка: Прочитай небольшой рассказ, выдели причину, действие и результат.","Построить отдельную коммуникативную ситуацию, в которой ученик сможет: пересказать незнакомую короткую историю по основным опорам","m21l8","editorial_planning_only","NO","NO","TZv3 Appendix A + existing content"
"m21l10","B1","165","Создать самостоятельный 1–2-минутный связный рассказ без печатного текста","Уточнить языковое средство для действия «Создать самостоятельный 1–2-минутный связный рассказ без печатного текста»; текущая заметка: Расскажи о поездке, встрече или семейном дне. Используй минимум пять связок.","Построить отдельную коммуникативную ситуацию, в которой ученик сможет: создать самостоятельный 1–2-минутный связный рассказ без печатного текста","m21l9","editorial_planning_only","NO","NO","TZv3 Appendix A + existing content"
"m22l1","B1","166","Кратко представить профессиональную биографию и актуальную деятельность","Уточнить языковое средство для действия «Кратко представить профессиональную биографию и актуальную деятельность»; текущая заметка: Radim kao... — Я работаю... Imam iskustva u... — У меня есть опыт в...","Построить отдельную коммуникативную ситуацию, в которой ученик сможет: кратко представить профессиональную биографию и актуальную деятельность","m21l10","editorial_planning_only","NO","NO","TZv3 Appendix A + existing content"
"m22l2","B1","167","Описать три профессиональных навыка и конкретный пример их применения","Уточнить языковое средство для действия «Описать три профессиональных навыка и конкретный пример их применения»; текущая заметка: Znam da radim sa... — Я умею работать с... Navedi konkretne primere — приводи примеры.","Построить отдельную коммуникативную ситуацию, в которой ученик сможет: описать три профессиональных навыка и конкретный пример их применения","m22l1","editorial_planning_only","NO","NO","TZv3 Appendix A + existing content"
"m22l3","B1","168","Уточнить график, задачи и правила взаимодействия в новой роли","Уточнить языковое средство для действия «Уточнить график, задачи и правила взаимодействия в новой роли»; текущая заметка: Koje su radne obaveze? Kakvo je radno vreme? Уточняй условия без двусмысленности.","Построить отдельную коммуникативную ситуацию, в которой ученик сможет: уточнить график, задачи и правила взаимодействия в новой роли","m22l2","editorial_planning_only","NO","NO","TZv3 Appendix A + existing content"
"m22l4","B1","169","Спросить о структуре оплаты и условиях договора без домыслов о законе","Уточнить языковое средство для действия «Спросить о структуре оплаты и условиях договора без домыслов о законе»; текущая заметка: Kolika je neto plata? Da li se potpisuje ugovor? Это лексика, не юридическая консультация.","Построить отдельную коммуникативную ситуацию, в которой ученик сможет: спросить о структуре оплаты и условиях договора без домыслов о законе","m22l3","editorial_planning_only","NO","NO","TZv3 Appendix A + existing content"
"m22l5","B1","170","Объяснить мотивацию работы, увязав опыт и ожидаемые обязанности","Уточнить языковое средство для действия «Объяснить мотивацию работы, увязав опыт и ожидаемые обязанности»; текущая заметка: Zašto želite da radite kod nas? — Почему хотите у нас работать? Отвечай фактами.","Построить отдельную коммуникативную ситуацию, в которой ученик сможет: объяснить мотивацию работы, увязав опыт и ожидаемые обязанности","m22l4","editorial_planning_only","NO","NO","TZv3 Appendix A + existing content"
"m22l6","B1","171","Ответить на неожиданный вопрос интервьюера без заранее готового ответа","Уточнить языковое средство для действия «Ответить на неожиданный вопрос интервьюера без заранее готового ответа»; текущая заметка: Ako ne znam odgovor, pitaću kolegu. — Если не знаю ответа, спрошу коллегу.","Построить отдельную коммуникативную ситуацию, в которой ученик сможет: ответить на неожиданный вопрос интервьюера без заранее готового ответа","m22l5","editorial_planning_only","NO","NO","TZv3 Appendix A + existing content"
"m22l7","B1","172","Написать рабочее сообщение с задачей, сроком и просьбой о подтверждении","Уточнить языковое средство для действия «Написать рабочее сообщение с задачей, сроком и просьбой о подтверждении»; текущая заметка: Poštovani, u prilogu šaljem... — Во вложении отправляю... Не делай письмо слишком длинным.","Построить отдельную коммуникативную ситуацию, в которой ученик сможет: написать рабочее сообщение с задачей, сроком и просьбой о подтверждении","m22l6","editorial_planning_only","NO","NO","TZv3 Appendix A + existing content"
"m22l8","B1","173","Обсудить приоритеты и согласовать порядок двух зависимых задач","Уточнить языковое средство для действия «Обсудить приоритеты и согласовать порядок двух зависимых задач»; текущая заметка: Rok, prioritet, sastanak, zadatak. Сообщай, что готово, а что задерживается.","Построить отдельную коммуникативную ситуацию, в которой ученик сможет: обсудить приоритеты и согласовать порядок двух зависимых задач","m22l7","editorial_planning_only","NO","NO","TZv3 Appendix A + existing content"
"m22l9","B1","174","Дать и запросить конструктивную обратную связь о выполненной работе","Уточнить языковое средство для действия «Дать и запросить конструктивную обратную связь о выполненной работе»; текущая заметка: Možete li da pojasnite očekivanja? — Можете уточнить ожидания?","Построить отдельную коммуникативную ситуацию, в которой ученик сможет: дать и запросить конструктивную обратную связь о выполненной работе","m22l8","editorial_planning_only","NO","NO","TZv3 Appendix A + existing content"
"m22l10","B1","175","Провести модельное интервью с уточнениями, встречными вопросами и итогом","Уточнить языковое средство для действия «Провести модельное интервью с уточнениями, встречными вопросами и итогом»; текущая заметка: Расскажи о себе, графике, опыте, интересах и задай три вопроса работодателю.","Построить отдельную коммуникативную ситуацию, в которой ученик сможет: провести модельное интервью с уточнениями, встречными вопросами и итогом","m22l9","editorial_planning_only","NO","NO","TZv3 Appendix A + existing content"
"m23l1","B1","176","Описать сервисную проблему нейтрально, без обвинительных предположений","Уточнить языковое средство для действия «Описать сервисную проблему нейтрально, без обвинительных предположений»; текущая заметка: Želim da prijavim problem u vezi sa... — Хочу сообщить о проблеме, связанной с...","Построить отдельную коммуникативную ситуацию, в которой ученик сможет: описать сервисную проблему нейтрально, без обвинительных предположений","m22l10","editorial_planning_only","NO","NO","TZv3 Appendix A + existing content"
"m23l2","B1","177","Составить хронологию обращений с датами и проверяемыми фактами","Уточнить языковое средство для действия «Составить хронологию обращений с датами и проверяемыми фактами»; текущая заметка: Zahtev sam podneo 15. septembra; odgovor još nisam dobio. Указывай точные даты.","Построить отдельную коммуникативную ситуацию, в которой ученик сможет: составить хронологию обращений с датами и проверяемыми фактами","m23l1","editorial_planning_only","NO","NO","TZv3 Appendix A + existing content"
"m23l3","B1","178","Уточнить перенос срока услуги и попросить согласовать новое окно","Уточнить языковое средство для действия «Уточнить перенос срока услуги и попросить согласовать новое окно»; текущая заметка: Rok je istekao; termin je pomeren. — Срок истёк; время перенесено.","Построить отдельную коммуникативную ситуацию, в которой ученик сможет: уточнить перенос срока услуги и попросить согласовать новое окно","m23l2","editorial_planning_only","NO","NO","TZv3 Appendix A + existing content"
"m23l4","B1","179","Запросить статус обращения по номеру без раскрытия лишних данных","Уточнить языковое средство для действия «Запросить статус обращения по номеру без раскрытия лишних данных»; текущая заметка: Možete li mi reći u kojoj je fazi postupak? — Можете сказать, на какой стадии процедура?","Построить отдельную коммуникативную ситуацию, в которой ученик сможет: запросить статус обращения по номеру без раскрытия лишних данных","m23l3","editorial_planning_only","NO","NO","TZv3 Appendix A + existing content"
"m23l5","B1","180","Выяснить перечень документов и разделить обязательное и уточняемое","Уточнить языковое средство для действия «Выяснить перечень документов и разделить обязательное и уточняемое»; текущая заметка: Da li je dokumentacija potpuna? — Комплект документов полный?","Построить отдельную коммуникативную ситуацию, в которой ученик сможет: выяснить перечень документов и разделить обязательное и уточняемое","m23l4","editorial_planning_only","NO","NO","TZv3 Appendix A + existing content"
"m23l6","B1","181","Вежливо не согласиться с формулировкой, предлагая проверить факты","Уточнить языковое средство для действия «Вежливо не согласиться с формулировкой, предлагая проверить факты»; текущая заметка: Razumem, međutim... — Понимаю, однако... Избегай обвинений без подтверждений.","Построить отдельную коммуникативную ситуацию, в которой ученик сможет: вежливо не согласиться с формулировкой, предлагая проверить факты","m23l5","editorial_planning_only","NO","NO","TZv3 Appendix A + existing content"
"m23l7","B1","182","Запросить письменное подтверждение устного решения","Уточнить языковое средство для действия «Запросить письменное подтверждение устного решения»; текущая заметка: Molim vas za pisani odgovor. — Прошу письменный ответ.","Построить отдельную коммуникативную ситуацию, в которой ученик сможет: запросить письменное подтверждение устного решения","m23l6","editorial_planning_only","NO","NO","TZv3 Appendix A + existing content"
"m23l8","B1","183","Составить жалобу на услугу с фактами, ожидаемым действием и контактами","Уточнить языковое средство для действия «Составить жалобу на услугу с фактами, ожидаемым действием и контактами»; текущая заметка: Usluga nije pružena u dogovorenom roku. — Услуга не была предоставлена в согласованный срок.","Построить отдельную коммуникативную ситуацию, в которой ученик сможет: составить жалобу на услугу с фактами, ожидаемым действием и контактами","m23l7","editorial_planning_only","NO","NO","TZv3 Appendix A + existing content"
"m23l9","B1","184","В диалоге предложить два способа решения и уточнить принятое решение","Уточнить языковое средство для действия «В диалоге предложить два способа решения и уточнить принятое решение»; текущая заметка: Koje rešenje predlažete? — Какое решение предлагаете?","Построить отдельную коммуникативную ситуацию, в которой ученик сможет: в диалоге предложить два способа решения и уточнить принятое решение","m23l8","editorial_planning_only","NO","NO","TZv3 Appendix A + existing content"
"m23l10","B1","185","Пройти неожиданный разговор в учреждении с изменением исходных условий","Уточнить языковое средство для действия «Пройти неожиданный разговор в учреждении с изменением исходных условий»; текущая заметка: Напиши обращение из пяти предложений: факт, проблема, просьба, срок, благодарность.","Построить отдельную коммуникативную ситуацию, в которой ученик сможет: пройти неожиданный разговор в учреждении с изменением исходных условий","m23l9","editorial_planning_only","NO","NO","TZv3 Appendix A + existing content"
"m24l1","B1","186","Выделить факт, источник и главное событие из краткой новости","Уточнить языковое средство для действия «Выделить факт, источник и главное событие из краткой новости»; текущая заметка: Ответь на ko, šta, gde, kada, zašto. Не путай факт сообщения с интерпретацией.","Построить отдельную коммуникативную ситуацию, в которой ученик сможет: выделить факт, источник и главное событие из краткой новости","m23l10","editorial_planning_only","NO","NO","TZv3 Appendix A + existing content"
"m24l2","B1","187","Понять заголовок без буквальной русской кальки и предположить тему материала","Уточнить языковое средство для действия «Понять заголовок без буквальной русской кальки и предположить тему материала»; текущая заметка: В заголовках часто опускают связки; проверяй значение по первому абзацу.","Построить отдельную коммуникативную ситуацию, в которой ученик сможет: понять заголовок без буквальной русской кальки и предположить тему материала","m24l1","editorial_planning_only","NO","NO","TZv3 Appendix A + existing content"
"m24l3","B1","188","Корректно передать чужую позицию с атрибуцией источника","Уточнить языковое средство для действия «Корректно передать чужую позицию с атрибуцией источника»; текущая заметка: Prema saopštenju... — Согласно сообщению... Navodi ko je rekao šta — указывай, кто что сказал.","Построить отдельную коммуникативную ситуацию, в которой ученик сможет: корректно передать чужую позицию с атрибуцией источника","m24l2","editorial_planning_only","NO","NO","TZv3 Appendix A + existing content"
"m24l4","B1","189","Сформулировать личное мнение на знакомую тему и привести аргумент","Уточнить языковое средство для действия «Сформулировать личное мнение на знакомую тему и привести аргумент»; текущая заметка: Mislim da... — Думаю, что... Po mom mišljenju... — По моему мнению...","Построить отдельную коммуникативную ситуацию, в которой ученик сможет: сформулировать личное мнение на знакомую тему и привести аргумент","m24l3","editorial_planning_only","NO","NO","TZv3 Appendix A + existing content"
"m24l5","B1","190","Согласиться частично и выразить корректное несогласие без речевой грубости","Уточнить языковое средство для действия «Согласиться частично и выразить корректное несогласие без речевой грубости»; текущая заметка: Slažem se; ne slažem se; delimično se slažem. Объясняй причину.","Построить отдельную коммуникативную ситуацию, в которой ученик сможет: согласиться частично и выразить корректное несогласие без речевой грубости","m24l4","editorial_planning_only","NO","NO","TZv3 Appendix A + existing content"
"m24l6","B1","191","Использовать осторожные формулы, отличающие факт от предположения","Уточнить языковое средство для действия «Использовать осторожные формулы, отличающие факт от предположения»; текущая заметка: Čini mi se, verovatno, možda. Не выдавай догадку за подтверждённый факт.","Построить отдельную коммуникативную ситуацию, в которой ученик сможет: использовать осторожные формулы, отличающие факт от предположения","m24l5","editorial_planning_only","NO","NO","TZv3 Appendix A + existing content"
"m24l7","B1","192","Написать развёрнутое сообщение в Viber, учитывая контекст адресата","Уточнить языковое средство для действия «Написать развёрнутое сообщение в Viber, учитывая контекст адресата»; текущая заметка: Кратко и ясно формулируй просьбы, уточняй время и контекст.","Построить отдельную коммуникативную ситуацию, в которой ученик сможет: написать развёрнутое сообщение в viber, учитывая контекст адресата","m24l6","editorial_planning_only","NO","NO","TZv3 Appendix A + existing content"
"m24l8","B1","193","Составить электронное письмо с темой, целью, аргументом и просьбой","Уточнить языковое средство для действия «Составить электронное письмо с темой, целью, аргументом и просьбой»; текущая заметка: Предмет письма должен точно отражать запрос. Формальное обращение: Poštovani...","Построить отдельную коммуникативную ситуацию, в которой ученик сможет: составить электронное письмо с темой, целью, аргументом и просьбой","m24l7","editorial_planning_only","NO","NO","TZv3 Appendix A + existing content"
"m24l9","B1","194","Письменно пересказать краткую статью без добавления собственных фактов","Уточнить языковое средство для действия «Письменно пересказать краткую статью без добавления собственных фактов»; текущая заметка: Перескажи четыре предложения, сохраняя смысл и источник информации.","Построить отдельную коммуникативную ситуацию, в которой ученик сможет: письменно пересказать краткую статью без добавления собственных фактов","m24l8","editorial_planning_only","NO","NO","TZv3 Appendix A + existing content"
"m24l10","B1","195","Обсудить событие по содержанию исходного текста с уточнениями и выводом","Уточнить языковое средство для действия «Обсудить событие по содержанию исходного текста с уточнениями и выводом»; текущая заметка: Выдели факт, своё мнение, аргумент и вопрос собеседнику.","Построить отдельную коммуникативную ситуацию, в которой ученик сможет: обсудить событие по содержанию исходного текста с уточнениями и выводом","m24l9","editorial_planning_only","NO","NO","TZv3 Appendix A + existing content"
"m25l1","B2","196","Различить тонкий смысл видовой пары в связном профессиональном контексте","Уточнить языковое средство для действия «Различить тонкий смысл видовой пары в связном профессиональном контексте»; текущая заметка: Učio je ceo dan / naučio je lekciju. Точнее формулируй, что происходило и что завершилось.","Построить отдельную коммуникативную ситуацию, в которой ученик сможет: различить тонкий смысл видовой пары в связном профессиональном контексте","m24l10","editorial_planning_only","NO","NO","TZv3 Appendix A + existing content"
"m25l2","B2","197","Сопоставить реальное и нереальное условие и ожидаемый результат","Уточнить языковое средство для действия «Сопоставить реальное и нереальное условие и ожидаемый результат»; текущая заметка: Kad bih imao vremena, putovao bih više. В условном высказывании следи за формами bih, bi, bismo, biste.","Построить отдельную коммуникативную ситуацию, в которой ученик сможет: сопоставить реальное и нереальное условие и ожидаемый результат","m25l1","editorial_planning_only","NO","NO","TZv3 Appendix A + existing content"
"m25l3","B2","198","Строить уступительное предложение, не теряя основного утверждения","Уточнить языковое средство для действия «Строить уступительное предложение, не теряя основного утверждения»; текущая заметка: Iako je kasnio, završio je zadatak. — Хотя он опаздывал, закончил задачу.","Построить отдельную коммуникативную ситуацию, в которой ученик сможет: строить уступительное предложение, не теряя основного утверждения","m25l2","editorial_planning_only","NO","NO","TZv3 Appendix A + existing content"
"m25l4","B2","199","Связать сложное рассуждение причинами, последствиями и ограничениями","Уточнить языковое средство для действия «Связать сложное рассуждение причинами, последствиями и ограничениями»; текущая заметка: Budući da..., s obzirom na to da..., stoga... отличаются уровнем формальности.","Построить отдельную коммуникативную ситуацию, в которой ученик сможет: связать сложное рассуждение причинами, последствиями и ограничениями","m25l3","editorial_planning_only","NO","NO","TZv3 Appendix A + existing content"
"m25l5","B2","200","Распознать и применить пассивные/безличные модели в нейтральном изложении","Уточнить языковое средство для действия «Распознать и применить пассивные/безличные модели в нейтральном изложении»; текущая заметка: Zahtev je obrađen. / Zahtev se obrađuje. Обрати внимание на состояние и процесс.","Построить отдельную коммуникативную ситуацию, в которой ученик сможет: распознать и применить пассивные/безличные модели в нейтральном изложении","m25l4","editorial_planning_only","NO","NO","TZv3 Appendix A + existing content"
"m25l6","B2","201","Заменить действие отглагольным существительным, если этого требует жанр","Уточнить языковое средство для действия «Заменить действие отглагольным существительным, если этого требует жанр»; текущая заметка: Donošenje odluke, rešavanje problema. Такие формы часто встречаются в официальных текстах.","Построить отдельную коммуникативную ситуацию, в которой ученик сможет: заменить действие отглагольным существительным, если этого требует жанр","m25l5","editorial_planning_only","NO","NO","TZv3 Appendix A + existing content"
"m25l7","B2","202","Изменить порядок слов для фокуса высказывания без грамматической ошибки","Уточнить языковое средство для действия «Изменить порядок слов для фокуса высказывания без грамматической ошибки»; текущая заметка: Клитики занимают строгое место, а перестановка компонентов меняет смысловой акцент.","Построить отдельную коммуникативную ситуацию, в которой ученик сможет: изменить порядок слов для фокуса высказывания без грамматической ошибки","m25l6","editorial_planning_only","NO","NO","TZv3 Appendix A + existing content"
"m25l8","B2","203","Уточнить референт сложного относительного местоимения в тексте","Уточнить языковое средство для действия «Уточнить референт сложного относительного местоимения в тексте»; текущая заметка: Koji, čiji, kakav в различных падежах: osoba čiji je zahtev odobren.","Построить отдельную коммуникативную ситуацию, в которой ученик сможет: уточнить референт сложного относительного местоимения в тексте","m25l7","editorial_planning_only","NO","NO","TZv3 Appendix A + existing content"
"m25l9","B2","204","Отличить причастную характеристику от простого прилагательного","Уточнить языковое средство для действия «Отличить причастную характеристику от простого прилагательного»; текущая заметка: Potpisan dokument, otvorena vrata, završena prijava. Отличай результативные формы.","Построить отдельную коммуникативную ситуацию, в которой ученик сможет: отличить причастную характеристику от простого прилагательного","m25l8","editorial_planning_only","NO","NO","TZv3 Appendix A + existing content"
"m25l10","B2","205","Отредактировать связный текст, улучшив грамматику, связность и регистр","Уточнить языковое средство для действия «Отредактировать связный текст, улучшив грамматику, связность и регистр»; текущая заметка: Перепиши формальный абзац проще и точнее, не изменяя смысл.","Построить отдельную коммуникативную ситуацию, в которой ученик сможет: отредактировать связный текст, улучшив грамматику, связность и регистр","m25l9","editorial_planning_only","NO","NO","TZv3 Appendix A + existing content"
"m26l1","B2","206","Переписать один диалог в дружеском и официальном регистре с разными формулами","Уточнить языковое средство для действия «Переписать один диалог в дружеском и официальном регистре с разными формулами»; текущая заметка: Šta ima? уместно среди знакомых; Poštovani и Molim vas — в официальном письме.","Построить отдельную коммуникативную ситуацию, в которой ученик сможет: переписать один диалог в дружеском и официальном регистре с разными формулами","m25l10","editorial_planning_only","NO","NO","TZv3 Appendix A + existing content"
"m26l2","B2","207","Понять эмоциональный оттенок фразы по частицам и интонации в аудио","Уточнить языковое средство для действия «Понять эмоциональный оттенок фразы по частицам и интонации в аудио»; текущая заметка: Pa, baš, ma, eto могут усиливать или смягчать реплику. Значение зависит от тона.","Построить отдельную коммуникативную ситуацию, в которой ученик сможет: понять эмоциональный оттенок фразы по частицам и интонации в аудио","m26l1","editorial_planning_only","NO","NO","TZv3 Appendix A + existing content"
"m26l3","B2","208","Уместно объяснить и применить несколько частотных фразеологизмов","Уточнить языковое средство для действия «Уместно объяснить и применить несколько частотных фразеологизмов»; текущая заметка: Nema veze — ничего страшного / неважно. Ни одна идиома не переводится механически.","Построить отдельную коммуникативную ситуацию, в которой ученик сможет: уместно объяснить и применить несколько частотных фразеологизмов","m26l2","editorial_planning_only","NO","NO","TZv3 Appendix A + existing content"
"m26l4","B2","209","Различить значения устойчивых выражений со словом red по контексту","Уточнить языковое средство для действия «Различить значения устойчивых выражений со словом red по контексту»; текущая заметка: U redu — хорошо; doći na red — дойти до очереди; red vožnje — расписание движения.","Построить отдельную коммуникативную ситуацию, в которой ученик сможет: различить значения устойчивых выражений со словом red по контексту","m26l3","editorial_planning_only","NO","NO","TZv3 Appendix A + existing content"
"m26l5","B2","210","Выбрать форму обращения с учётом статуса и дистанции собеседников","Уточнить языковое средство для действия «Выбрать форму обращения с учётом статуса и дистанции собеседников»; текущая заметка: Обращения ti и vi зависят от контекста, возраста и принятых норм; в учреждении безопаснее vi.","Построить отдельную коммуникативную ситуацию, в которой ученик сможет: выбрать форму обращения с учётом статуса и дистанции собеседников","m26l4","editorial_planning_only","NO","NO","TZv3 Appendix A + existing content"
"m26l6","B2","211","Согласиться с оговоркой, не создавая видимость полного согласия","Уточнить языковое средство для действия «Согласиться с оговоркой, не создавая видимость полного согласия»; текущая заметка: U principu se slažem, ali... — В принципе согласен, но...","Построить отдельную коммуникативную ситуацию, в которой ученик сможет: согласиться с оговоркой, не создавая видимость полного согласия","m26l5","editorial_planning_only","NO","NO","TZv3 Appendix A + existing content"
"m26l7","B2","212","Сформулировать убедительную просьбу, не превращая её в давление","Уточнить языковое средство для действия «Сформулировать убедительную просьбу, не превращая её в давление»; текущая заметка: Da li biste bili ljubazni da...? — Не могли бы вы любезно... Сравни с Možeš li...?","Построить отдельную коммуникативную ситуацию, в которой ученик сможет: сформулировать убедительную просьбу, не превращая её в давление","m26l6","editorial_planning_only","NO","NO","TZv3 Appendix A + existing content"
"m26l8","B2","213","Передать удивление, сомнение и вежливое недоверие в ситуациях","Уточнить языковое средство для действия «Передать удивление, сомнение и вежливое недоверие в ситуациях»; текущая заметка: Ozbiljno? Stvarno? Ne mogu da verujem! Следи за уместностью эмоциональных реплик.","Построить отдельную коммуникативную ситуацию, в которой ученик сможет: передать удивление, сомнение и вежливое недоверие в ситуациях","m26l7","editorial_planning_only","NO","NO","TZv3 Appendix A + existing content"
"m26l9","B2","214","Понять региональную особенность речи, не подменяя ею стандартную экавицу","Уточнить языковое средство для действия «Понять региональную особенность речи, не подменяя ею стандартную экавицу»; текущая заметка: В Нови-Саде услышишь местные слова, но для обучения используем общепринятый сербский экавский вариант.","Построить отдельную коммуникативную ситуацию, в которой ученик сможет: понять региональную особенность речи, не подменяя ею стандартную экавицу","m26l8","editorial_planning_only","NO","NO","TZv3 Appendix A + existing content"
"m26l10","B2","215","Переписать диалог в требуемом стиле с сохранением смысла и естественной речью","Уточнить языковое средство для действия «Переписать диалог в требуемом стиле с сохранением смысла и естественной речью»; текущая заметка: Переделай короткую дружескую переписку в официальное письмо и обратно.","Построить отдельную коммуникативную ситуацию, в которой ученик сможет: переписать диалог в требуемом стиле с сохранением смысла и естественной речью","m26l9","editorial_planning_only","NO","NO","TZv3 Appendix A + existing content"
"m27l1","B2","216","Сформулировать тезис и обосновать его двумя независимыми доводами","Уточнить языковое средство для действия «Сформулировать тезис и обосновать его двумя независимыми доводами»; текущая заметка: Smatram da... zato što... Выделяй утверждение, причину и подтверждение.","Построить отдельную коммуникативную ситуацию, в которой ученик сможет: сформулировать тезис и обосновать его двумя независимыми доводами","m26l10","editorial_planning_only","NO","NO","TZv3 Appendix A + existing content"
"m27l2","B2","217","Отделять проверяемый факт, личное мнение и условное допущение","Уточнить языковое средство для действия «Отделять проверяемый факт, личное мнение и условное допущение»; текущая заметка: Dokazano je / mislim da / pretpostavljam da — три разных степени уверенности.","Построить отдельную коммуникативную ситуацию, в которой ученик сможет: отделять проверяемый факт, личное мнение и условное допущение","m27l1","editorial_planning_only","NO","NO","TZv3 Appendix A + existing content"
"m27l3","B2","218","Построить пример и контрпример для обсуждаемой общей ситуации","Уточнить языковое средство для действия «Построить пример и контрпример для обсуждаемой общей ситуации»; текущая заметка: Na primer... / S druge strane... Не повторяй тезис вместо аргумента.","Построить отдельную коммуникативную ситуацию, в которой ученик сможет: построить пример и контрпример для обсуждаемой общей ситуации","m27l2","editorial_planning_only","NO","NO","TZv3 Appendix A + existing content"
"m27l4","B2","219","Точно пересказать позицию оппонента перед ответом на неё","Уточнить языковое средство для действия «Точно пересказать позицию оппонента перед ответом на неё»; текущая заметка: Ako sam vas dobro razumeo... — Если я вас правильно понял...","Построить отдельную коммуникативную ситуацию, в которой ученик сможет: точно пересказать позицию оппонента перед ответом на неё","m27l3","editorial_planning_only","NO","NO","TZv3 Appendix A + existing content"
"m27l5","B2","220","Вежливо оспорить тезис с аргументом и указанием ограничения","Уточнить языковое средство для действия «Вежливо оспорить тезис с аргументом и указанием ограничения»; текущая заметка: Razumem vaš stav, međutim... — Понимаю вашу позицию, однако...","Построить отдельную коммуникативную ситуацию, в которой ученик сможет: вежливо оспорить тезис с аргументом и указанием ограничения","m27l4","editorial_planning_only","NO","NO","TZv3 Appendix A + existing content"
"m27l6","B2","221","Сравнить две альтернативы по критериям без голословного вывода","Уточнить языковое средство для действия «Сравнить две альтернативы по критериям без голословного вывода»; текущая заметка: Prednost je... / nedostatak je... — Преимущество... / недостаток...","Построить отдельную коммуникативную ситуацию, в которой ученик сможет: сравнить две альтернативы по критериям без голословного вывода","m27l5","editorial_planning_only","NO","NO","TZv3 Appendix A + existing content"
"m27l7","B2","222","Обсудить причины и прогнозируемые последствия бытового решения как предположения","Уточнить языковое средство для действия «Обсудить причины и прогнозируемые последствия бытового решения как предположения»; текущая заметка: Dugoročno gledano, to može dovesti do... — В долгосрочной перспективе это может привести к...","Построить отдельную коммуникативную ситуацию, в которой ученик сможет: обсудить причины и прогнозируемые последствия бытового решения как предположения","m27l6","editorial_planning_only","NO","NO","TZv3 Appendix A + existing content"
"m27l8","B2","223","Подвести итог дискуссии, сохраняя существенные разногласия","Уточнить языковое средство для действия «Подвести итог дискуссии, сохраняя существенные разногласия»; текущая заметка: Ukratko, iz svega navedenog sledi... — Кратко, из перечисленного следует...","Построить отдельную коммуникативную ситуацию, в которой ученик сможет: подвести итог дискуссии, сохраняя существенные разногласия","m27l7","editorial_planning_only","NO","NO","TZv3 Appendix A + existing content"
"m27l9","B2","224","Провести разговор о бытовых привычках, используя встречные вопросы","Уточнить языковое средство для действия «Провести разговор о бытовых привычках, используя встречные вопросы»; текущая заметка: Обсуди достоинства общественного транспорта и автомобиля, разделяя наблюдения и оценки.","Построить отдельную коммуникативную ситуацию, в которой ученик сможет: провести разговор о бытовых привычках, используя встречные вопросы","m27l8","editorial_planning_only","NO","NO","TZv3 Appendix A + existing content"
"m27l10","B2","225","Обсудить организацию работы в диалоге с компромиссом и резюме договорённостей","Уточнить языковое средство для действия «Обсудить организацию работы в диалоге с компромиссом и резюме договорённостей»; текущая заметка: Сравни удалённую и офисную работу, используй аргументы и уточняющие вопросы.","Построить отдельную коммуникативную ситуацию, в которой ученик сможет: обсудить организацию работы в диалоге с компромиссом и резюме договорённостей","m27l9","editorial_planning_only","NO","NO","TZv3 Appendix A + existing content"
"m28l1","B2","226","Представить себя на рабочей встрече, обозначив сферу компетенции и роль","Уточнить языковое средство для действия «Представить себя на рабочей встрече, обозначив сферу компетенции и роль»; текущая заметка: Моја улога је... Moja odgovornost obuhvata... Рассказывай о конкретной зоне ответственности.","Построить отдельную коммуникативную ситуацию, в которой ученик сможет: представить себя на рабочей встрече, обозначив сферу компетенции и роль","m27l10","editorial_planning_only","NO","NO","TZv3 Appendix A + existing content"
"m28l2","B2","227","Определить цель проекта и измеримые критерии выполнения задачи","Уточнить языковое средство для действия «Определить цель проекта и измеримые критерии выполнения задачи»; текущая заметка: Cilj projekta je... Uspeh merimo kroz... — цель и измеримый результат.","Построить отдельную коммуникативную ситуацию, в которой ученик сможет: определить цель проекта и измеримые критерии выполнения задачи","m28l1","editorial_planning_only","NO","NO","TZv3 Appendix A + existing content"
"m28l3","B2","228","Обсудить сроки, зависимости и последствия переноса работы","Уточнить языковое средство для действия «Обсудить сроки, зависимости и последствия переноса работы»; текущая заметка: Rok je realan ako... — срок реалистичен, если... Не обещай точное исполнение без оценки.","Построить отдельную коммуникативную ситуацию, в которой ученик сможет: обсудить сроки, зависимости и последствия переноса работы","m28l2","editorial_planning_only","NO","NO","TZv3 Appendix A + existing content"
"m28l4","B2","229","Объяснить риск проекта и предложить вариант снижения риска","Уточнить языковое средство для действия «Объяснить риск проекта и предложить вариант снижения риска»; текущая заметка: Postoji rizik da... Predlažem rezervni plan. — есть риск, что... предлагаю запасной план.","Построить отдельную коммуникативную ситуацию, в которой ученик сможет: объяснить риск проекта и предложить вариант снижения риска","m28l3","editorial_planning_only","NO","NO","TZv3 Appendix A + existing content"
"m28l5","B2","230","Провести короткую встречу с повесткой, вопросами и итоговыми решениями","Уточнить языковое средство для действия «Провести короткую встречу с повесткой, вопросами и итоговыми решениями»; текущая заметка: Dnevni red, zaključci, naredni koraci. Фиксируй, кто за что отвечает.","Построить отдельную коммуникативную ситуацию, в которой ученик сможет: провести короткую встречу с повесткой, вопросами и итоговыми решениями","m28l4","editorial_planning_only","NO","NO","TZv3 Appendix A + existing content"
"m28l6","B2","231","Уточнить неоднозначное требование и зафиксировать согласованный вариант","Уточнить языковое средство для действия «Уточнить неоднозначное требование и зафиксировать согласованный вариант»; текущая заметка: Da li možemo da preciziramo zahteve? — Можем уточнить требования?","Построить отдельную коммуникативную ситуацию, в которой ученик сможет: уточнить неоднозначное требование и зафиксировать согласованный вариант","m28l5","editorial_planning_only","NO","NO","TZv3 Appendix A + existing content"
"m28l7","B2","232","Представить идею по структуре проблема → решение → результат → вопрос","Уточнить языковое средство для действия «Представить идею по структуре проблема → решение → результат → вопрос»; текущая заметка: Najpre ću objasniti problem, zatim predlog rešenja. — Сначала объясню проблему, затем предложение.","Построить отдельную коммуникативную ситуацию, в которой ученик сможет: представить идею по структуре проблема → решение → результат → вопрос","m28l6","editorial_planning_only","NO","NO","TZv3 Appendix A + existing content"
"m28l8","B2","233","Обсудить условия договора как языковую ситуацию без фиктивных правовых гарантий","Уточнить языковое средство для действия «Обсудить условия договора как языковую ситуацию без фиктивных правовых гарантий»; текущая заметка: Uslovi, obaveze, odgovornost, rok isporuke. Проверяй смысл формулировок.","Построить отдельную коммуникативную ситуацию, в которой ученик сможет: обсудить условия договора как языковую ситуацию без фиктивных правовых гарантий","m28l7","editorial_planning_only","NO","NO","TZv3 Appendix A + existing content"
"m28l9","B2","234","Дать конкретную конструктивную обратную связь по предложению коллеги","Уточнить языковое средство для действия «Дать конкретную конструктивную обратную связь по предложению коллеги»; текущая заметка: Cenim vaš rad, ali mislim da bi trebalo... — ценю вашу работу, но думаю, стоило бы...","Построить отдельную коммуникативную ситуацию, в которой ученик сможет: дать конкретную конструктивную обратную связь по предложению коллеги","m28l8","editorial_planning_only","NO","NO","TZv3 Appendix A + existing content"
"m28l10","B2","235","Провести мини-презентацию 2–3 минуты и ответить на уточняющий вопрос","Уточнить языковое средство для действия «Провести мини-презентацию 2–3 минуты и ответить на уточняющий вопрос»; текущая заметка: Представь новый рабочий процесс за 90 секунд: контекст, решение, выгоды, риски, следующий шаг.","Построить отдельную коммуникативную ситуацию, в которой ученик сможет: провести мини-презентацию 2–3 минуты и ответить на уточняющий вопрос","m28l9","editorial_planning_only","NO","NO","TZv3 Appendix A + existing content"
"m29l1","B2","236","Выбрать структуру официального письма с корректной шапкой и заключением","Уточнить языковое средство для действия «Выбрать структуру официального письма с корректной шапкой и заключением»; текущая заметка: Poštovani, razlog obraćanja, činjenice, molba, zahvalnost, pozdrav. Одна мысль на абзац.","Построить отдельную коммуникативную ситуацию, в которой ученик сможет: выбрать структуру официального письма с корректной шапкой и заключением","m28l10","editorial_planning_only","NO","NO","TZv3 Appendix A + existing content"
"m29l2","B2","237","Письменно запросить информацию, отделив запрос от предположений","Уточнить языковое средство для действия «Письменно запросить информацию, отделив запрос от предположений»; текущая заметка: Molim vas da mi dostavite informaciju o... — Прошу предоставить информацию о...","Построить отдельную коммуникативную ситуацию, в которой ученик сможет: письменно запросить информацию, отделив запрос от предположений","m29l1","editorial_planning_only","NO","NO","TZv3 Appendix A + existing content"
"m29l3","B2","238","Изложить проверяемые обстоятельства, даты и подтверждения без эмоций","Уточнить языковое средство для действия «Изложить проверяемые обстоятельства, даты и подтверждения без эмоций»; текущая заметка: Dana 15. septembra podneo sam zahtev. — 15 сентября я подал заявление.","Построить отдельную коммуникативную ситуацию, в которой ученик сможет: изложить проверяемые обстоятельства, даты и подтверждения без эмоций","m29l2","editorial_planning_only","NO","NO","TZv3 Appendix A + existing content"
"m29l4","B2","239","Написать уточнение к полученному официальному ответу","Уточнить языковое средство для действия «Написать уточнение к полученному официальному ответу»; текущая заметка: Molim za pojašnjenje navedene procedure. — Прошу разъяснить указанную процедуру.","Построить отдельную коммуникативную ситуацию, в которой ученик сможет: написать уточнение к полученному официальному ответу","m29l3","editorial_planning_only","NO","NO","TZv3 Appendix A + existing content"
"m29l5","B2","240","Корректно сослаться на приложенные документы без раскрытия чужих данных","Уточнить языковое средство для действия «Корректно сослаться на приложенные документы без раскрытия чужих данных»; текущая заметка: U prilogu dostavljam kopiju... — Во вложении направляю копию...","Построить отдельную коммуникативную ситуацию, в которой ученик сможет: корректно сослаться на приложенные документы без раскрытия чужих данных","m29l4","editorial_planning_only","NO","NO","TZv3 Appendix A + existing content"
"m29l6","B2","241","Составить повторное обращение с номером старого запроса и новым вопросом","Уточнить языковое средство для действия «Составить повторное обращение с номером старого запроса и новым вопросом»; текущая заметка: Obraćam vam se ponovo povodom... — Повторно обращаюсь по поводу...","Построить отдельную коммуникативную ситуацию, в которой ученик сможет: составить повторное обращение с номером старого запроса и новым вопросом","m29l5","editorial_planning_only","NO","NO","TZv3 Appendix A + existing content"
"m29l7","B2","242","Вежливо оспорить отдельный факт письма, не приписывая должностному лицу мотивов","Уточнить языковое средство для действия «Вежливо оспорить отдельный факт письма, не приписывая должностному лицу мотивов»; текущая заметка: Smatram da je došlo do nesporazuma i molim za proveru. — Считаю, что возникло недоразумение, и прошу проверить.","Построить отдельную коммуникативную ситуацию, в которой ученик сможет: вежливо оспорить отдельный факт письма, не приписывая должностному лицу мотивов","m29l6","editorial_planning_only","NO","NO","TZv3 Appendix A + existing content"
"m29l8","B2","243","Спросить ожидаемый срок ответа без заявления неподтверждённых сроков по закону","Уточнить языковое средство для действия «Спросить ожидаемый срок ответа без заявления неподтверждённых сроков по закону»; текущая заметка: Molim vas da me obavestite o očekivanom roku. — Прошу сообщить предполагаемый срок.","Построить отдельную коммуникативную ситуацию, в которой ученик сможет: спросить ожидаемый срок ответа без заявления неподтверждённых сроков по закону","m29l7","editorial_planning_only","NO","NO","TZv3 Appendix A + existing content"
"m29l9","B2","244","Трансформировать письменный запрос в понятное устное обращение","Уточнить языковое средство для действия «Трансформировать письменный запрос в понятное устное обращение»; текущая заметка: Сравни канцелярский тон и более простую устную форму той же просьбы.","Построить отдельную коммуникативную ситуацию, в которой ученик сможет: трансформировать письменный запрос в понятное устное обращение","m29l8","editorial_planning_only","NO","NO","TZv3 Appendix A + existing content"
"m29l10","B2","245","Отредактировать сложное письмо до грамматически и стилистически целостной версии","Уточнить языковое средство для действия «Отредактировать сложное письмо до грамматически и стилистически целостной версии»; текущая заметка: Убери повторы, проверь падежи, даты и фактические утверждения.","Построить отдельную коммуникативную ситуацию, в которой ученик сможет: отредактировать сложное письмо до грамматически и стилистически целостной версии","m29l9","editorial_planning_only","NO","NO","TZv3 Appendix A + existing content"
"m30l1","B2","246","После первого прослушивания определить тему сообщения без дословного перевода","Уточнить языковое средство для действия «После первого прослушивания определить тему сообщения без дословного перевода»; текущая заметка: Сначала улови тему и цель говорящего; не останавливайся на каждом неизвестном слове.","Построить отдельную коммуникативную ситуацию, в которой ученик сможет: после первого прослушивания определить тему сообщения без дословного перевода","m29l10","editorial_planning_only","NO","NO","TZv3 Appendix A + existing content"
"m30l2","B2","247","Распознать частые разговорные сокращения в ограниченном контексте","Уточнить языковое средство для действия «Распознать частые разговорные сокращения в ограниченном контексте»; текущая заметка: Je l' часто заменяет je li в быстрой речи, al' — ali. В формальном письме используй полные формы.","Построить отдельную коммуникативную ситуацию, в которой ученик сможет: распознать частые разговорные сокращения в ограниченном контексте","m30l1","editorial_planning_only","NO","NO","TZv3 Appendix A + existing content"
"m30l3","B2","248","По интонации различить уточнение, раздражение и нейтральное сообщение без переинтерпретации","Уточнить языковое средство для действия «По интонации различить уточнение, раздражение и нейтральное сообщение без переинтерпретации»; текущая заметка: Выделение слова меняет прагматический акцент: TI si rekao? — Именно ты сказал?","Построить отдельную коммуникативную ситуацию, в которой ученик сможет: по интонации различить уточнение, раздражение и нейтральное сообщение без переинтерпретации","m30l2","editorial_planning_only","NO","NO","TZv3 Appendix A + existing content"
"m30l4","B2","249","Попросить собеседника разъяснить услышанную ключевую мысль","Уточнить языковое средство для действия «Попросить собеседника разъяснить услышанную ключевую мысль»; текущая заметка: Da proverim da li sam vas dobro razumeo... — Позвольте проверить, правильно ли я вас понял.","Построить отдельную коммуникативную ситуацию, в которой ученик сможет: попросить собеседника разъяснить услышанную ключевую мысль","m30l3","editorial_planning_only","NO","NO","TZv3 Appendix A + existing content"
"m30l5","B2","250","Записать главные пункты длинного устного перечисления и проверить детали","Уточнить языковое средство для действия «Записать главные пункты длинного устного перечисления и проверить детали»; текущая заметка: Слушай связки: najpre, zatim, osim toga, na kraju. По ним восстанавливай структуру.","Построить отдельную коммуникативную ситуацию, в которой ученик сможет: записать главные пункты длинного устного перечисления и проверить детали","m30l4","editorial_planning_only","NO","NO","TZv3 Appendix A + existing content"
"m30l6","B2","251","Распознать возможную иронию при достаточной интонационной и контекстной опоре","Уточнить языковое средство для действия «Распознать возможную иронию при достаточной интонационной и контекстной опоре»; текущая заметка: Ne baš! и Kako da ne! могут значить разное в зависимости от интонации.","Построить отдельную коммуникативную ситуацию, в которой ученик сможет: распознать возможную иронию при достаточной интонационной и контекстной опоре","m30l5","editorial_planning_only","NO","NO","TZv3 Appendix A + existing content"
"m30l7","B2","252","Устно пересказать новость, разделяя факт и комментарий автора","Уточнить языковое средство для действия «Устно пересказать новость, разделяя факт и комментарий автора»; текущая заметка: Передавай факты с указанием источника и отделяй их от мнения.","Построить отдельную коммуникативную ситуацию, в которой ученик сможет: устно пересказать новость, разделяя факт и комментарий автора","m30l6","editorial_planning_only","NO","NO","TZv3 Appendix A + existing content"
"m30l8","B2","253","Пересказать интервью с сохранением позиций нескольких участников","Уточнить языковое средство для действия «Пересказать интервью с сохранением позиций нескольких участников»; текущая заметка: Кто что утверждает? Какие аргументы? Какие вопросы остались без ответа?","Построить отдельную коммуникативную ситуацию, в которой ученик сможет: пересказать интервью с сохранением позиций нескольких участников","m30l7","editorial_planning_only","NO","NO","TZv3 Appendix A + existing content"
"m30l9","B2","254","Сжать длинное сообщение в краткое резюме для другого слушателя","Уточнить языковое средство для действия «Сжать длинное сообщение в краткое резюме для другого слушателя»; текущая заметка: Ako dobro razumem, zaključak je... — Если я правильно понимаю, вывод такой...","Построить отдельную коммуникативную ситуацию, в которой ученик сможет: сжать длинное сообщение в краткое резюме для другого слушателя","m30l8","editorial_planning_only","NO","NO","TZv3 Appendix A + existing content"
"m30l10","B2","255","Понять основную линию естественной речи в новом сюжете и ответить на вопросы","Уточнить языковое средство для действия «Понять основную линию естественной речи в новом сюжете и ответить на вопросы»; текущая заметка: Сначала прочитай текст, затем послушай синтез речи при наличии голоса sr-RS и перескажи своими словами.","Построить отдельную коммуникативную ситуацию, в которой ученик сможет: понять основную линию естественной речи в новом сюжете и ответить на вопросы","m30l9","editorial_planning_only","NO","NO","TZv3 Appendix A + existing content"
"m31l1","B2","256","Самостоятельно решить цепочку повседневных задач города с выбором регистра речи","Уточнить языковое средство для действия «Самостоятельно решить цепочку повседневных задач города с выбором регистра речи»; текущая заметка: Запланируй поездку, объясни маршрут, уточни время, обсуди изменения.","Построить отдельную коммуникативную ситуацию, в которой ученик сможет: самостоятельно решить цепочку повседневных задач города с выбором регистра речи","m30l10","editorial_planning_only","NO","NO","TZv3 Appendix A + existing content"
"m31l2","B2","257","Провести развёрнутую консультационную беседу и уточнить медицинские термины без самодиагноза","Уточнить языковое средство для действия «Провести развёрнутую консультационную беседу и уточнить медицинские термины без самодиагноза»; текущая заметка: Опиши симптомы, хронологию, уточни рекомендации и проверь, правильно ли понял.","Построить отдельную коммуникативную ситуацию, в которой ученик сможет: провести развёрнутую консультационную беседу и уточнить медицинские термины без самодиагноза","m31l1","editorial_planning_only","NO","NO","TZv3 Appendix A + existing content"
"m31l3","B2","258","Обсудить с учителем школьную ситуацию и письменно подвести итог договорённости","Уточнить языковое средство для действия «Обсудить с учителем школьную ситуацию и письменно подвести итог договорённости»; текущая заметка: Вежливо обсуди успеваемость, мероприятия и административные документы.","Построить отдельную коммуникативную ситуацию, в которой ученик сможет: обсудить с учителем школьную ситуацию и письменно подвести итог договорённости","m31l2","editorial_planning_only","NO","NO","TZv3 Appendix A + existing content"
"m31l4","B2","259","Согласовать с хозяином жилья решение коммунального вопроса с понятными обязательствами","Уточнить языковое средство для действия «Согласовать с хозяином жилья решение коммунального вопроса с понятными обязательствами»; текущая заметка: Подробно опиши проблему с квартирой, предложи сроки и запроси подтверждение.","Построить отдельную коммуникативную ситуацию, в которой ученик сможет: согласовать с хозяином жилья решение коммунального вопроса с понятными обязательствами","m31l3","editorial_planning_only","NO","NO","TZv3 Appendix A + existing content"
"m31l5","B2","260","Пройти собеседование и запросить условия сотрудничества с уточняющими вопросами","Уточнить языковое средство для действия «Пройти собеседование и запросить условия сотрудничества с уточняющими вопросами»; текущая заметка: Расскажи о компетенциях, примере трудной ситуации и условиях работы.","Построить отдельную коммуникативную ситуацию, в которой ученик сможет: пройти собеседование и запросить условия сотрудничества с уточняющими вопросами","m31l4","editorial_planning_only","NO","NO","TZv3 Appendix A + existing content"
"m31l6","B2","261","Подготовить официальное обращение, устно пояснить его цель и ответить на уточнения","Уточнить языковое средство для действия «Подготовить официальное обращение, устно пояснить его цель и ответить на уточнения»; текущая заметка: Составь письмо о статусе заявления: контекст, факт, просьба, благодарность.","Построить отдельную коммуникативную ситуацию, в которой ученик сможет: подготовить официальное обращение, устно пояснить его цель и ответить на уточнения","m31l5","editorial_planning_only","NO","NO","TZv3 Appendix A + existing content"
"m31l7","B2","262","Поддержать непредсказуемый телефонный разговор, переспросив и закончив его итогом","Уточнить языковое средство для действия «Поддержать непредсказуемый телефонный разговор, переспросив и закончив его итогом»; текущая заметка: Задавай уточняющие вопросы, перефразируй и договаривайся о следующем шаге.","Построить отдельную коммуникативную ситуацию, в которой ученик сможет: поддержать непредсказуемый телефонный разговор, переспросив и закончив его итогом","m31l6","editorial_planning_only","NO","NO","TZv3 Appendix A + existing content"
"m31l8","B2","263","Прочитать статью, передать главную мысль и обсудить один спорный аспект","Уточнить языковое средство для действия «Прочитать статью, передать главную мысль и обсудить один спорный аспект»; текущая заметка: Отдели факты от мнений, перескажи и аргументируй позицию.","Построить отдельную коммуникативную ситуацию, в которой ученик сможет: прочитать статью, передать главную мысль и обсудить один спорный аспект","m31l7","editorial_planning_only","NO","NO","TZv3 Appendix A + existing content"
"m31l9","B2","264","Представить проект и ответить на встречные вопросы с аргументацией","Уточнить языковое средство для действия «Представить проект и ответить на встречные вопросы с аргументацией»; текущая заметка: Опиши задачу, подход, результат, риски и дальнейшие шаги.","Построить отдельную коммуникативную ситуацию, в которой ученик сможет: представить проект и ответить на встречные вопросы с аргументацией","m31l8","editorial_planning_only","NO","NO","TZv3 Appendix A + existing content"
"m31l10","B2","265","Подготовить комплексный портфель навыков и определить пробелы перед внутренним B2-экзаменом","Уточнить языковое средство для действия «Подготовить комплексный портфель навыков и определить пробелы перед внутренним B2-экзаменом»; текущая заметка: Повтори сложные грамматические формы, извлеки из словаря трудные слова и пройди финальный тест.","Построить отдельную коммуникативную ситуацию, в которой ученик сможет: подготовить комплексный портфель навыков и определить пробелы перед внутренним b2-экзаменом","m31l9","editorial_planning_only","NO","NO","TZv3 Appendix A + existing content"
