lesson_id,level,word_id,serbian,ru_translation,role_candidate,review_status
"m1l1","A0","zdravo","Zdravo","Привет","new_candidate","unreviewed"
"m1l1","A0","hvala","Hvala","Спасибо","new_candidate","unreviewed"
"m1l1","A0","molim","Molim","Пожалуйста / не за что","new_candidate","unreviewed"
"m1l1","A0","dobar dan","Dobar dan","Добрый день","new_candidate","unreviewed"
"m1l1","A0","dobro jutro","Dobro jutro","Доброе утро","new_candidate","unreviewed"
"m1l1","A0","dobro veče","Dobro veče","Добрый вечер","new_candidate","unreviewed"
"m1l1","A0","doviđenja","Doviđenja","До свидания","new_candidate","unreviewed"
"m1l1","A0","izvinite","Izvinite","Извините","new_candidate","unreviewed"
"m1l1","A0","da","Da","Да","new_candidate","unreviewed"
"m1l1","A0","ne","Ne","Нет","new_candidate","unreviewed"
"m1l1","A0","voda","Voda","Вода","new_candidate","unreviewed"
"m1l2","A0","mleko","Mleko","Молоко","new_candidate","unreviewed"
"m1l2","A0","škola","Škola","Школа","new_candidate","unreviewed"
"m1l2","A0","čaj","Čaj","Чай","new_candidate","unreviewed"
"m1l2","A0","dobar dan","Dobar dan","Добрый день","review_candidate","unreviewed"
"m1l2","A0","dobro jutro","Dobro jutro","Доброе утро","review_candidate","unreviewed"
"m1l2","A0","dobro veče","Dobro veče","Добрый вечер","review_candidate","unreviewed"
"m1l2","A0","doviđenja","Doviđenja","До свидания","review_candidate","unreviewed"
"m1l2","A0","izvinite","Izvinite","Извините","review_candidate","unreviewed"
"m1l2","A0","da","Da","Да","review_candidate","unreviewed"
"m1l2","A0","ne","Ne","Нет","review_candidate","unreviewed"
"m1l2","A0","voda","Voda","Вода","review_candidate","unreviewed"
"m1l3","A0","ćao","Ćao","Привет / пока (разг.)","new_candidate","unreviewed"
"m1l3","A0","ljubav","Ljubav","Любовь","new_candidate","unreviewed"
"m1l3","A0","njiva","Njiva","Поле","new_candidate","unreviewed"
"m1l3","A0","doviđenja","Doviđenja","До свидания","review_candidate","unreviewed"
"m1l3","A0","izvinite","Izvinite","Извините","review_candidate","unreviewed"
"m1l3","A0","da","Da","Да","review_candidate","unreviewed"
"m1l3","A0","ne","Ne","Нет","review_candidate","unreviewed"
"m1l3","A0","voda","Voda","Вода","review_candidate","unreviewed"
"m1l3","A0","mleko","Mleko","Молоко","review_candidate","unreviewed"
"m1l3","A0","škola","Škola","Школа","review_candidate","unreviewed"
"m1l3","A0","čaj","Čaj","Чай","review_candidate","unreviewed"
"m1l4","A0","džep","Džep","Карман","new_candidate","unreviewed"
"m1l4","A0","đak","Đak","Ученик","new_candidate","unreviewed"
"m1l4","A0","žena","Žena","Женщина","new_candidate","unreviewed"
"m1l4","A0","ne","Ne","Нет","review_candidate","unreviewed"
"m1l4","A0","voda","Voda","Вода","review_candidate","unreviewed"
"m1l4","A0","mleko","Mleko","Молоко","review_candidate","unreviewed"
"m1l4","A0","škola","Škola","Школа","review_candidate","unreviewed"
"m1l4","A0","čaj","Čaj","Чай","review_candidate","unreviewed"
"m1l4","A0","ćao","Ćao","Привет / пока (разг.)","review_candidate","unreviewed"
"m1l4","A0","ljubav","Ljubav","Любовь","review_candidate","unreviewed"
"m1l4","A0","njiva","Njiva","Поле","review_candidate","unreviewed"
"m1l5","A0","cena","Cena","Цена","new_candidate","unreviewed"
"m1l5","A0","šećer","Šećer","Сахар","new_candidate","unreviewed"
"m1l5","A0","ruka","Ruka","Рука","new_candidate","unreviewed"
"m1l5","A0","škola","Škola","Школа","review_candidate","unreviewed"
"m1l5","A0","čaj","Čaj","Чай","review_candidate","unreviewed"
"m1l5","A0","ćao","Ćao","Привет / пока (разг.)","review_candidate","unreviewed"
"m1l5","A0","ljubav","Ljubav","Любовь","review_candidate","unreviewed"
"m1l5","A0","njiva","Njiva","Поле","review_candidate","unreviewed"
"m1l5","A0","džep","Džep","Карман","review_candidate","unreviewed"
"m1l5","A0","đak","Đak","Ученик","review_candidate","unreviewed"
"m1l5","A0","žena","Žena","Женщина","review_candidate","unreviewed"
"m2l1","A0","ja","Ja","Я","new_candidate","unreviewed"
"m2l1","A0","ti","Ti","Ты","new_candidate","unreviewed"
"m2l1","A0","vi","Vi","Вы","new_candidate","unreviewed"
"m2l1","A0","on","On","Он","new_candidate","unreviewed"
"m2l1","A0","ona","Ona","Она","new_candidate","unreviewed"
"m2l1","A0","mi","Mi","Мы","new_candidate","unreviewed"
"m2l1","A0","oni","Oni","Они","new_candidate","unreviewed"
"m2l1","A0","kako","Kako","Как","new_candidate","unreviewed"
"m2l1","A0","ko","Ko","Кто","new_candidate","unreviewed"
"m2l1","A0","šta","Šta","Что","new_candidate","unreviewed"
"m2l1","A0","gde","Gde","Где","new_candidate","unreviewed"
"m2l2","A0","ovde","Ovde","Здесь","new_candidate","unreviewed"
"m2l2","A0","tamo","Tamo","Там","new_candidate","unreviewed"
"m2l2","A0","ime","Ime","Имя","new_candidate","unreviewed"
"m2l2","A0","on","On","Он","review_candidate","unreviewed"
"m2l2","A0","ona","Ona","Она","review_candidate","unreviewed"
"m2l2","A0","mi","Mi","Мы","review_candidate","unreviewed"
"m2l2","A0","oni","Oni","Они","review_candidate","unreviewed"
"m2l2","A0","kako","Kako","Как","review_candidate","unreviewed"
"m2l2","A0","ko","Ko","Кто","review_candidate","unreviewed"
"m2l2","A0","šta","Šta","Что","review_candidate","unreviewed"
"m2l2","A0","gde","Gde","Где","review_candidate","unreviewed"
"m2l3","A0","zovem se","Zovem se","Меня зовут","new_candidate","unreviewed"
"m2l3","A0","drago mi je","Drago mi je","Очень приятно","new_candidate","unreviewed"
"m2l3","A0","sam","Sam","Я есть / являюсь","new_candidate","unreviewed"
"m2l3","A0","oni","Oni","Они","review_candidate","unreviewed"
"m2l3","A0","kako","Kako","Как","review_candidate","unreviewed"
"m2l3","A0","ko","Ko","Кто","review_candidate","unreviewed"
"m2l3","A0","šta","Šta","Что","review_candidate","unreviewed"
"m2l3","A0","gde","Gde","Где","review_candidate","unreviewed"
"m2l3","A0","ovde","Ovde","Здесь","review_candidate","unreviewed"
"m2l3","A0","tamo","Tamo","Там","review_candidate","unreviewed"
"m2l3","A0","ime","Ime","Имя","review_candidate","unreviewed"
"m2l4","A0","si","Si","Ты есть / являешься","new_candidate","unreviewed"
"m2l4","A0","je","Je","Он/она есть","new_candidate","unreviewed"
"m2l4","A0","nisam","Nisam","Я не являюсь","new_candidate","unreviewed"
"m2l4","A0","šta","Šta","Что","review_candidate","unreviewed"
"m2l4","A0","gde","Gde","Где","review_candidate","unreviewed"
"m2l4","A0","ovde","Ovde","Здесь","review_candidate","unreviewed"
"m2l4","A0","tamo","Tamo","Там","review_candidate","unreviewed"
"m2l4","A0","ime","Ime","Имя","review_candidate","unreviewed"
"m2l4","A0","zovem se","Zovem se","Меня зовут","review_candidate","unreviewed"
"m2l4","A0","drago mi je","Drago mi je","Очень приятно","review_candidate","unreviewed"
"m2l4","A0","sam","Sam","Я есть / являюсь","review_candidate","unreviewed"
"m2l5","A0","rusija","Rusija","Россия","new_candidate","unreviewed"
"m2l5","A0","srbija","Srbija","Сербия","new_candidate","unreviewed"
"m2l5","A0","novi sad","Novi Sad","Нови-Сад","new_candidate","unreviewed"
"m2l5","A0","tamo","Tamo","Там","review_candidate","unreviewed"
"m2l5","A0","ime","Ime","Имя","review_candidate","unreviewed"
"m2l5","A0","zovem se","Zovem se","Меня зовут","review_candidate","unreviewed"
"m2l5","A0","drago mi je","Drago mi je","Очень приятно","review_candidate","unreviewed"
"m2l5","A0","sam","Sam","Я есть / являюсь","review_candidate","unreviewed"
"m2l5","A0","si","Si","Ты есть / являешься","review_candidate","unreviewed"
"m2l5","A0","je","Je","Он/она есть","review_candidate","unreviewed"
"m2l5","A0","nisam","Nisam","Я не являюсь","review_candidate","unreviewed"
"m3l1","A0","nula","Nula","Ноль","new_candidate","unreviewed"
"m3l1","A0","jedan","Jedan","Один","new_candidate","unreviewed"
"m3l1","A0","dva","Dva","Два","new_candidate","unreviewed"
"m3l1","A0","tri","Tri","Три","new_candidate","unreviewed"
"m3l1","A0","četiri","Četiri","Четыре","new_candidate","unreviewed"
"m3l1","A0","pet","Pet","Пять","new_candidate","unreviewed"
"m3l1","A0","šest","Šest","Шесть","new_candidate","unreviewed"
"m3l1","A0","sedam","Sedam","Семь","new_candidate","unreviewed"
"m3l1","A0","osam","Osam","Восемь","new_candidate","unreviewed"
"m3l1","A0","devet","Devet","Девять","new_candidate","unreviewed"
"m3l1","A0","deset","Deset","Десять","new_candidate","unreviewed"
"m3l2","A0","jedanaest","Jedanaest","Одиннадцать","new_candidate","unreviewed"
"m3l2","A0","dvadeset","Dvadeset","Двадцать","new_candidate","unreviewed"
"m3l2","A0","trideset","Trideset","Тридцать","new_candidate","unreviewed"
"m3l2","A0","tri","Tri","Три","review_candidate","unreviewed"
"m3l2","A0","četiri","Četiri","Четыре","review_candidate","unreviewed"
"m3l2","A0","pet","Pet","Пять","review_candidate","unreviewed"
"m3l2","A0","šest","Šest","Шесть","review_candidate","unreviewed"
"m3l2","A0","sedam","Sedam","Семь","review_candidate","unreviewed"
"m3l2","A0","osam","Osam","Восемь","review_candidate","unreviewed"
"m3l2","A0","devet","Devet","Девять","review_candidate","unreviewed"
"m3l2","A0","deset","Deset","Десять","review_candidate","unreviewed"
"m3l3","A0","sto","Sto","Сто","new_candidate","unreviewed"
"m3l3","A0","ponedeljak","Ponedeljak","Понедельник","new_candidate","unreviewed"
"m3l3","A0","utorak","Utorak","Вторник","new_candidate","unreviewed"
"m3l3","A0","šest","Šest","Шесть","review_candidate","unreviewed"
"m3l3","A0","sedam","Sedam","Семь","review_candidate","unreviewed"
"m3l3","A0","osam","Osam","Восемь","review_candidate","unreviewed"
"m3l3","A0","devet","Devet","Девять","review_candidate","unreviewed"
"m3l3","A0","deset","Deset","Десять","review_candidate","unreviewed"
"m3l3","A0","jedanaest","Jedanaest","Одиннадцать","review_candidate","unreviewed"
"m3l3","A0","dvadeset","Dvadeset","Двадцать","review_candidate","unreviewed"
"m3l3","A0","trideset","Trideset","Тридцать","review_candidate","unreviewed"
"m3l4","A0","sreda","Sreda","Среда","new_candidate","unreviewed"
"m3l4","A0","četvrtak","Četvrtak","Четверг","new_candidate","unreviewed"
"m3l4","A0","petak","Petak","Пятница","new_candidate","unreviewed"
"m3l4","A0","devet","Devet","Девять","review_candidate","unreviewed"
"m3l4","A0","deset","Deset","Десять","review_candidate","unreviewed"
"m3l4","A0","jedanaest","Jedanaest","Одиннадцать","review_candidate","unreviewed"
"m3l4","A0","dvadeset","Dvadeset","Двадцать","review_candidate","unreviewed"
"m3l4","A0","trideset","Trideset","Тридцать","review_candidate","unreviewed"
"m3l4","A0","sto","Sto","Сто","review_candidate","unreviewed"
"m3l4","A0","ponedeljak","Ponedeljak","Понедельник","review_candidate","unreviewed"
"m3l4","A0","utorak","Utorak","Вторник","review_candidate","unreviewed"
"m3l5","A0","subota","Subota","Суббота","new_candidate","unreviewed"
"m3l5","A0","nedelja","Nedelja","Воскресенье","new_candidate","unreviewed"
"m3l5","A0","danas","Danas","Сегодня","new_candidate","unreviewed"
"m3l5","A0","dvadeset","Dvadeset","Двадцать","review_candidate","unreviewed"
"m3l5","A0","trideset","Trideset","Тридцать","review_candidate","unreviewed"
"m3l5","A0","sto","Sto","Сто","review_candidate","unreviewed"
"m3l5","A0","ponedeljak","Ponedeljak","Понедельник","review_candidate","unreviewed"
"m3l5","A0","utorak","Utorak","Вторник","review_candidate","unreviewed"
"m3l5","A0","sreda","Sreda","Среда","review_candidate","unreviewed"
"m3l5","A0","četvrtak","Četvrtak","Четверг","review_candidate","unreviewed"
"m3l5","A0","petak","Petak","Пятница","review_candidate","unreviewed"
"m4l1","A0","izvolite","Izvolite","Пожалуйста / слушаю вас","new_candidate","unreviewed"
"m4l1","A0","koliko","Koliko","Сколько","new_candidate","unreviewed"
"m4l1","A0","košta","Košta","Стоит (о цене)","new_candidate","unreviewed"
"m4l1","A0","hleb","Hleb","Хлеб","new_candidate","unreviewed"
"m4l1","A0","kafa","Kafa","Кофе","new_candidate","unreviewed"
"m4l1","A0","račun","Račun","Счёт / чек","new_candidate","unreviewed"
"m4l1","A0","kesa","Kesa","Пакет","new_candidate","unreviewed"
"m4l1","A0","levo","Levo","Налево","new_candidate","unreviewed"
"m4l1","A0","desno","Desno","Направо","new_candidate","unreviewed"
"m4l1","A0","pravo","Pravo","Прямо","new_candidate","unreviewed"
"m4l1","A0","ovde","Ovde","Здесь","review_candidate","unreviewed"
"m4l2","A0","ulica","Ulica","Улица","new_candidate","unreviewed"
"m4l2","A0","prodavnica","Prodavnica","Магазин","new_candidate","unreviewed"
"m4l2","A0","apoteka","Apoteka","Аптека","new_candidate","unreviewed"
"m4l2","A0","hleb","Hleb","Хлеб","review_candidate","unreviewed"
"m4l2","A0","kafa","Kafa","Кофе","review_candidate","unreviewed"
"m4l2","A0","račun","Račun","Счёт / чек","review_candidate","unreviewed"
"m4l2","A0","kesa","Kesa","Пакет","review_candidate","unreviewed"
"m4l2","A0","ovde","Ovde","Здесь","review_candidate","unreviewed"
"m4l2","A0","levo","Levo","Налево","review_candidate","unreviewed"
"m4l2","A0","desno","Desno","Направо","review_candidate","unreviewed"
"m4l2","A0","pravo","Pravo","Прямо","review_candidate","unreviewed"
"m4l3","A0","molim vas","Molim vas","Пожалуйста (в просьбе)","new_candidate","unreviewed"
"m4l3","A0","treba mi","Treba mi","Мне нужно","new_candidate","unreviewed"
"m4l3","A0","imate li","Imate li","Есть ли у вас","new_candidate","unreviewed"
"m4l3","A0","kesa","Kesa","Пакет","review_candidate","unreviewed"
"m4l3","A0","ovde","Ovde","Здесь","review_candidate","unreviewed"
"m4l3","A0","levo","Levo","Налево","review_candidate","unreviewed"
"m4l3","A0","desno","Desno","Направо","review_candidate","unreviewed"
"m4l3","A0","pravo","Pravo","Прямо","review_candidate","unreviewed"
"m4l3","A0","ulica","Ulica","Улица","review_candidate","unreviewed"
"m4l3","A0","prodavnica","Prodavnica","Магазин","review_candidate","unreviewed"
"m4l3","A0","apoteka","Apoteka","Аптека","review_candidate","unreviewed"
"m4l4","A0","nema","Nema","Нет / отсутствует","new_candidate","unreviewed"
"m4l4","A0","vidimo se","Vidimo se","Увидимся","new_candidate","unreviewed"
"m4l4","A0","poruka","Poruka","Сообщение","new_candidate","unreviewed"
"m4l4","A0","desno","Desno","Направо","review_candidate","unreviewed"
"m4l4","A0","pravo","Pravo","Прямо","review_candidate","unreviewed"
"m4l4","A0","ulica","Ulica","Улица","review_candidate","unreviewed"
"m4l4","A0","prodavnica","Prodavnica","Магазин","review_candidate","unreviewed"
"m4l4","A0","apoteka","Apoteka","Аптека","review_candidate","unreviewed"
"m4l4","A0","molim vas","Molim vas","Пожалуйста (в просьбе)","review_candidate","unreviewed"
"m4l4","A0","treba mi","Treba mi","Мне нужно","review_candidate","unreviewed"
"m4l4","A0","imate li","Imate li","Есть ли у вас","review_candidate","unreviewed"
"m4l5","A0","pomoć","Pomoć","Помощь","new_candidate","unreviewed"
"m4l5","A0","hvala puno","Hvala puno","Большое спасибо","new_candidate","unreviewed"
"m4l5","A0","srdačan pozdrav","Srdačan pozdrav","С уважением / сердечный привет","new_candidate","unreviewed"
"m4l5","A0","prodavnica","Prodavnica","Магазин","review_candidate","unreviewed"
"m4l5","A0","apoteka","Apoteka","Аптека","review_candidate","unreviewed"
"m4l5","A0","molim vas","Molim vas","Пожалуйста (в просьбе)","review_candidate","unreviewed"
"m4l5","A0","treba mi","Treba mi","Мне нужно","review_candidate","unreviewed"
"m4l5","A0","imate li","Imate li","Есть ли у вас","review_candidate","unreviewed"
"m4l5","A0","nema","Nema","Нет / отсутствует","review_candidate","unreviewed"
"m4l5","A0","vidimo se","Vidimo se","Увидимся","review_candidate","unreviewed"
"m4l5","A0","poruka","Poruka","Сообщение","review_candidate","unreviewed"
"m5l1","A1","grad","Grad","Город","new_candidate","unreviewed"
"m5l1","A1","selo","Selo","Село","new_candidate","unreviewed"
"m5l1","A1","dete","Dete","Ребёнок","new_candidate","unreviewed"
"m5l1","A1","čovek","Čovek","Человек","new_candidate","unreviewed"
"m5l1","A1","student","Student","Студент","new_candidate","unreviewed"
"m5l1","A1","radim","Radim","Я работаю","new_candidate","unreviewed"
"m5l1","A1","radiš","Radiš","Ты работаешь","new_candidate","unreviewed"
"m5l1","A1","radi","Radi","Он/она работает","new_candidate","unreviewed"
"m5l1","A1","govorim","Govorim","Я говорю","new_candidate","unreviewed"
"m5l1","A1","razumem","Razumem","Я понимаю","new_candidate","unreviewed"
"m5l1","A1","žena","Žena","Женщина","review_candidate","unreviewed"
"m5l2","A1","živim","Živim","Я живу","new_candidate","unreviewed"
"m5l2","A1","učim","Učim","Я учусь / изучаю","new_candidate","unreviewed"
"m5l2","A1","pišem","Pišem","Я пишу","new_candidate","unreviewed"
"m5l2","A1","čovek","Čovek","Человек","review_candidate","unreviewed"
"m5l2","A1","žena","Žena","Женщина","review_candidate","unreviewed"
"m5l2","A1","student","Student","Студент","review_candidate","unreviewed"
"m5l2","A1","radim","Radim","Я работаю","review_candidate","unreviewed"
"m5l2","A1","radiš","Radiš","Ты работаешь","review_candidate","unreviewed"
"m5l2","A1","radi","Radi","Он/она работает","review_candidate","unreviewed"
"m5l2","A1","govorim","Govorim","Я говорю","review_candidate","unreviewed"
"m5l2","A1","razumem","Razumem","Я понимаю","review_candidate","unreviewed"
"m5l3","A1","čitam","Čitam","Я читаю","new_candidate","unreviewed"
"m5l3","A1","slušam","Slušam","Я слушаю","new_candidate","unreviewed"
"m5l3","A1","sada","Sada","Сейчас","new_candidate","unreviewed"
"m5l3","A1","radim","Radim","Я работаю","review_candidate","unreviewed"
"m5l3","A1","radiš","Radiš","Ты работаешь","review_candidate","unreviewed"
"m5l3","A1","radi","Radi","Он/она работает","review_candidate","unreviewed"
"m5l3","A1","govorim","Govorim","Я говорю","review_candidate","unreviewed"
"m5l3","A1","razumem","Razumem","Я понимаю","review_candidate","unreviewed"
"m5l3","A1","živim","Živim","Я живу","review_candidate","unreviewed"
"m5l3","A1","učim","Učim","Я учусь / изучаю","review_candidate","unreviewed"
"m5l3","A1","pišem","Pišem","Я пишу","review_candidate","unreviewed"
"m5l4","A1","sutra","Sutra","Завтра","new_candidate","unreviewed"
"m5l4","A1","nikad","Nikad","Никогда","new_candidate","unreviewed"
"m5l4","A1","govorim","Govorim","Я говорю","review_candidate","unreviewed"
"m5l4","A1","razumem","Razumem","Я понимаю","review_candidate","unreviewed"
"m5l4","A1","živim","Živim","Я живу","review_candidate","unreviewed"
"m5l4","A1","učim","Učim","Я учусь / изучаю","review_candidate","unreviewed"
"m5l4","A1","pišem","Pišem","Я пишу","review_candidate","unreviewed"
"m5l4","A1","čitam","Čitam","Я читаю","review_candidate","unreviewed"
"m5l4","A1","slušam","Slušam","Я слушаю","review_candidate","unreviewed"
"m5l4","A1","sada","Sada","Сейчас","review_candidate","unreviewed"
"m5l4","A1","danas","Danas","Сегодня","review_candidate","unreviewed"
"m5l5","A1","često","Često","Часто","new_candidate","unreviewed"
"m5l5","A1","ponekad","Ponekad","Иногда","new_candidate","unreviewed"
"m5l5","A1","zašto","Zašto","Почему","new_candidate","unreviewed"
"m5l5","A1","učim","Učim","Я учусь / изучаю","review_candidate","unreviewed"
"m5l5","A1","pišem","Pišem","Я пишу","review_candidate","unreviewed"
"m5l5","A1","čitam","Čitam","Я читаю","review_candidate","unreviewed"
"m5l5","A1","slušam","Slušam","Я слушаю","review_candidate","unreviewed"
"m5l5","A1","sada","Sada","Сейчас","review_candidate","unreviewed"
"m5l5","A1","danas","Danas","Сегодня","review_candidate","unreviewed"
"m5l5","A1","sutra","Sutra","Завтра","review_candidate","unreviewed"
"m5l5","A1","nikad","Nikad","Никогда","review_candidate","unreviewed"
"m5l6","A1","kakav","Kakav","Какой (по качеству)","new_candidate","unreviewed"
"m5l6","A1","slušam","Slušam","Я слушаю","review_candidate","unreviewed"
"m5l6","A1","sada","Sada","Сейчас","review_candidate","unreviewed"
"m5l6","A1","danas","Danas","Сегодня","review_candidate","unreviewed"
"m5l6","A1","sutra","Sutra","Завтра","review_candidate","unreviewed"
"m5l6","A1","nikad","Nikad","Никогда","review_candidate","unreviewed"
"m5l6","A1","često","Često","Часто","review_candidate","unreviewed"
"m5l6","A1","ponekad","Ponekad","Иногда","review_candidate","unreviewed"
"m5l6","A1","zašto","Zašto","Почему","review_candidate","unreviewed"
"m5l6","A1","grad","Grad","Город","review_candidate","unreviewed"
"m5l6","A1","selo","Selo","Село","review_candidate","unreviewed"
"m5l7","A1","sutra","Sutra","Завтра","review_candidate","unreviewed"
"m5l7","A1","nikad","Nikad","Никогда","review_candidate","unreviewed"
"m5l7","A1","često","Često","Часто","review_candidate","unreviewed"
"m5l7","A1","ponekad","Ponekad","Иногда","review_candidate","unreviewed"
"m5l7","A1","zašto","Zašto","Почему","review_candidate","unreviewed"
"m5l7","A1","kakav","Kakav","Какой (по качеству)","review_candidate","unreviewed"
"m5l7","A1","grad","Grad","Город","review_candidate","unreviewed"
"m5l7","A1","selo","Selo","Село","review_candidate","unreviewed"
"m5l7","A1","dete","Dete","Ребёнок","review_candidate","unreviewed"
"m5l7","A1","čovek","Čovek","Человек","review_candidate","unreviewed"
"m5l7","A1","žena","Žena","Женщина","review_candidate","unreviewed"
"m6l1","A1","porodica","Porodica","Семья","new_candidate","unreviewed"
"m6l1","A1","majka","Majka","Мать","new_candidate","unreviewed"
"m6l1","A1","otac","Otac","Отец","new_candidate","unreviewed"
"m6l1","A1","mama","Mama","Мама","new_candidate","unreviewed"
"m6l1","A1","tata","Tata","Папа","new_candidate","unreviewed"
"m6l1","A1","sin","Sin","Сын","new_candidate","unreviewed"
"m6l1","A1","ćerka","Ćerka","Дочь","new_candidate","unreviewed"
"m6l1","A1","brat","Brat","Брат","new_candidate","unreviewed"
"m6l1","A1","sestra","Sestra","Сестра","new_candidate","unreviewed"
"m6l1","A1","muž","Muž","Муж","new_candidate","unreviewed"
"m6l1","A1","žena","Žena","Жена / женщина","review_candidate","unreviewed"
"m6l2","A1","deca","Deca","Дети","new_candidate","unreviewed"
"m6l2","A1","roditelji","Roditelji","Родители","new_candidate","unreviewed"
"m6l2","A1","mama","Mama","Мама","review_candidate","unreviewed"
"m6l2","A1","tata","Tata","Папа","review_candidate","unreviewed"
"m6l2","A1","sin","Sin","Сын","review_candidate","unreviewed"
"m6l2","A1","ćerka","Ćerka","Дочь","review_candidate","unreviewed"
"m6l2","A1","brat","Brat","Брат","review_candidate","unreviewed"
"m6l2","A1","sestra","Sestra","Сестра","review_candidate","unreviewed"
"m6l2","A1","žena","Žena","Жена / женщина","review_candidate","unreviewed"
"m6l2","A1","muž","Muž","Муж","review_candidate","unreviewed"
"m6l2","A1","dete","Dete","Ребёнок","review_candidate","unreviewed"
"m6l3","A1","baka","Baka","Бабушка","new_candidate","unreviewed"
"m6l3","A1","deda","Deda","Дедушка","new_candidate","unreviewed"
"m6l3","A1","moj","Moj","Мой","new_candidate","unreviewed"
"m6l3","A1","ćerka","Ćerka","Дочь","review_candidate","unreviewed"
"m6l3","A1","brat","Brat","Брат","review_candidate","unreviewed"
"m6l3","A1","sestra","Sestra","Сестра","review_candidate","unreviewed"
"m6l3","A1","žena","Žena","Жена / женщина","review_candidate","unreviewed"
"m6l3","A1","muž","Muž","Муж","review_candidate","unreviewed"
"m6l3","A1","dete","Dete","Ребёнок","review_candidate","unreviewed"
"m6l3","A1","deca","Deca","Дети","review_candidate","unreviewed"
"m6l3","A1","roditelji","Roditelji","Родители","review_candidate","unreviewed"
"m6l4","A1","moja","Moja","Моя","new_candidate","unreviewed"
"m6l4","A1","moje","Moje","Моё","new_candidate","unreviewed"
"m6l4","A1","tvoj","Tvoj","Твой","new_candidate","unreviewed"
"m6l4","A1","žena","Žena","Жена / женщина","review_candidate","unreviewed"
"m6l4","A1","muž","Muž","Муж","review_candidate","unreviewed"
"m6l4","A1","dete","Dete","Ребёнок","review_candidate","unreviewed"
"m6l4","A1","deca","Deca","Дети","review_candidate","unreviewed"
"m6l4","A1","roditelji","Roditelji","Родители","review_candidate","unreviewed"
"m6l4","A1","baka","Baka","Бабушка","review_candidate","unreviewed"
"m6l4","A1","deda","Deda","Дедушка","review_candidate","unreviewed"
"m6l4","A1","moj","Moj","Мой","review_candidate","unreviewed"
"m6l5","A1","njegov","Njegov","Его","new_candidate","unreviewed"
"m6l5","A1","njen","Njen","Её","new_candidate","unreviewed"
"m6l5","A1","godina","Godina","Год / лет","new_candidate","unreviewed"
"m6l5","A1","deca","Deca","Дети","review_candidate","unreviewed"
"m6l5","A1","roditelji","Roditelji","Родители","review_candidate","unreviewed"
"m6l5","A1","baka","Baka","Бабушка","review_candidate","unreviewed"
"m6l5","A1","deda","Deda","Дедушка","review_candidate","unreviewed"
"m6l5","A1","moj","Moj","Мой","review_candidate","unreviewed"
"m6l5","A1","moja","Moja","Моя","review_candidate","unreviewed"
"m6l5","A1","moje","Moje","Моё","review_candidate","unreviewed"
"m6l5","A1","tvoj","Tvoj","Твой","review_candidate","unreviewed"
"m6l6","A1","učiteljica","Učiteljica","Учительница","new_candidate","unreviewed"
"m6l6","A1","lekar","Lekar","Врач","new_candidate","unreviewed"
"m6l6","A1","programer","Programer","Программист","new_candidate","unreviewed"
"m6l6","A1","deda","Deda","Дедушка","review_candidate","unreviewed"
"m6l6","A1","moj","Moj","Мой","review_candidate","unreviewed"
"m6l6","A1","moja","Moja","Моя","review_candidate","unreviewed"
"m6l6","A1","moje","Moje","Моё","review_candidate","unreviewed"
"m6l6","A1","tvoj","Tvoj","Твой","review_candidate","unreviewed"
"m6l6","A1","njegov","Njegov","Его","review_candidate","unreviewed"
"m6l6","A1","njen","Njen","Её","review_candidate","unreviewed"
"m6l6","A1","godina","Godina","Год / лет","review_candidate","unreviewed"
"m6l7","A1","zanimanje","Zanimanje","Профессия","new_candidate","unreviewed"
"m6l7","A1","moje","Moje","Моё","review_candidate","unreviewed"
"m6l7","A1","tvoj","Tvoj","Твой","review_candidate","unreviewed"
"m6l7","A1","njegov","Njegov","Его","review_candidate","unreviewed"
"m6l7","A1","njen","Njen","Её","review_candidate","unreviewed"
"m6l7","A1","godina","Godina","Год / лет","review_candidate","unreviewed"
"m6l7","A1","učiteljica","Učiteljica","Учительница","review_candidate","unreviewed"
"m6l7","A1","lekar","Lekar","Врач","review_candidate","unreviewed"
"m6l7","A1","programer","Programer","Программист","review_candidate","unreviewed"
"m6l7","A1","porodica","Porodica","Семья","review_candidate","unreviewed"
"m6l7","A1","majka","Majka","Мать","review_candidate","unreviewed"
"m7l1","A1","stan","Stan","Квартира","new_candidate","unreviewed"
"m7l1","A1","kuća","Kuća","Дом","new_candidate","unreviewed"
"m7l1","A1","soba","Soba","Комната","new_candidate","unreviewed"
"m7l1","A1","kuhinja","Kuhinja","Кухня","new_candidate","unreviewed"
"m7l1","A1","kupatilo","Kupatilo","Ванная","new_candidate","unreviewed"
"m7l1","A1","spavaća soba","Spavaća soba","Спальня","new_candidate","unreviewed"
"m7l1","A1","dnevna soba","Dnevna soba","Гостиная","new_candidate","unreviewed"
"m7l1","A1","stolica","Stolica","Стул","new_candidate","unreviewed"
"m7l1","A1","krevet","Krevet","Кровать","new_candidate","unreviewed"
"m7l1","A1","prozor","Prozor","Окно","new_candidate","unreviewed"
"m7l1","A1","sto","Sto","Стол","review_candidate","unreviewed"
"m7l2","A1","vrata","Vrata","Дверь","new_candidate","unreviewed"
"m7l2","A1","ključ","Ključ","Ключ","new_candidate","unreviewed"
"m7l2","A1","lift","Lift","Лифт","new_candidate","unreviewed"
"m7l2","A1","kuhinja","Kuhinja","Кухня","review_candidate","unreviewed"
"m7l2","A1","kupatilo","Kupatilo","Ванная","review_candidate","unreviewed"
"m7l2","A1","spavaća soba","Spavaća soba","Спальня","review_candidate","unreviewed"
"m7l2","A1","dnevna soba","Dnevna soba","Гостиная","review_candidate","unreviewed"
"m7l2","A1","sto","Sto","Стол","review_candidate","unreviewed"
"m7l2","A1","stolica","Stolica","Стул","review_candidate","unreviewed"
"m7l2","A1","krevet","Krevet","Кровать","review_candidate","unreviewed"
"m7l2","A1","prozor","Prozor","Окно","review_candidate","unreviewed"
"m7l3","A1","sprat","Sprat","Этаж","new_candidate","unreviewed"
"m7l3","A1","veliki","Veliki","Большой","new_candidate","unreviewed"
"m7l3","A1","mali","Mali","Маленький","new_candidate","unreviewed"
"m7l3","A1","dnevna soba","Dnevna soba","Гостиная","review_candidate","unreviewed"
"m7l3","A1","sto","Sto","Стол","review_candidate","unreviewed"
"m7l3","A1","stolica","Stolica","Стул","review_candidate","unreviewed"
"m7l3","A1","krevet","Krevet","Кровать","review_candidate","unreviewed"
"m7l3","A1","prozor","Prozor","Окно","review_candidate","unreviewed"
"m7l3","A1","vrata","Vrata","Дверь","review_candidate","unreviewed"
"m7l3","A1","ključ","Ključ","Ключ","review_candidate","unreviewed"
"m7l3","A1","lift","Lift","Лифт","review_candidate","unreviewed"
"m7l4","A1","novi","Novi","Новый","new_candidate","unreviewed"
"m7l4","A1","stari","Stari","Старый","new_candidate","unreviewed"
"m7l4","A1","ustajem","Ustajem","Я встаю","new_candidate","unreviewed"
"m7l4","A1","krevet","Krevet","Кровать","review_candidate","unreviewed"
"m7l4","A1","prozor","Prozor","Окно","review_candidate","unreviewed"
"m7l4","A1","vrata","Vrata","Дверь","review_candidate","unreviewed"
"m7l4","A1","ključ","Ključ","Ключ","review_candidate","unreviewed"
"m7l4","A1","lift","Lift","Лифт","review_candidate","unreviewed"
"m7l4","A1","sprat","Sprat","Этаж","review_candidate","unreviewed"
"m7l4","A1","veliki","Veliki","Большой","review_candidate","unreviewed"
"m7l4","A1","mali","Mali","Маленький","review_candidate","unreviewed"
"m7l5","A1","doručkujem","Doručkujem","Я завтракаю","new_candidate","unreviewed"
"m7l5","A1","kuvam","Kuvam","Я готовлю","new_candidate","unreviewed"
"m7l5","A1","spavam","Spavam","Я сплю","new_candidate","unreviewed"
"m7l5","A1","ključ","Ključ","Ключ","review_candidate","unreviewed"
"m7l5","A1","lift","Lift","Лифт","review_candidate","unreviewed"
"m7l5","A1","sprat","Sprat","Этаж","review_candidate","unreviewed"
"m7l5","A1","veliki","Veliki","Большой","review_candidate","unreviewed"
"m7l5","A1","mali","Mali","Маленький","review_candidate","unreviewed"
"m7l5","A1","novi","Novi","Новый","review_candidate","unreviewed"
"m7l5","A1","stari","Stari","Старый","review_candidate","unreviewed"
"m7l5","A1","ustajem","Ustajem","Я встаю","review_candidate","unreviewed"
"m7l6","A1","zatim","Zatim","Затем","new_candidate","unreviewed"
"m7l6","A1","posle","Posle","После","new_candidate","unreviewed"
"m7l6","A1","uveče","Uveče","Вечером","new_candidate","unreviewed"
"m7l6","A1","veliki","Veliki","Большой","review_candidate","unreviewed"
"m7l6","A1","mali","Mali","Маленький","review_candidate","unreviewed"
"m7l6","A1","novi","Novi","Новый","review_candidate","unreviewed"
"m7l6","A1","stari","Stari","Старый","review_candidate","unreviewed"
"m7l6","A1","ustajem","Ustajem","Я встаю","review_candidate","unreviewed"
"m7l6","A1","doručkujem","Doručkujem","Я завтракаю","review_candidate","unreviewed"
"m7l6","A1","kuvam","Kuvam","Я готовлю","review_candidate","unreviewed"
"m7l6","A1","spavam","Spavam","Я сплю","review_candidate","unreviewed"
"m7l7","A1","kirija","Kirija","Арендная плата","new_candidate","unreviewed"
"m7l7","A1","stari","Stari","Старый","review_candidate","unreviewed"
"m7l7","A1","ustajem","Ustajem","Я встаю","review_candidate","unreviewed"
"m7l7","A1","doručkujem","Doručkujem","Я завтракаю","review_candidate","unreviewed"
"m7l7","A1","kuvam","Kuvam","Я готовлю","review_candidate","unreviewed"
"m7l7","A1","spavam","Spavam","Я сплю","review_candidate","unreviewed"
"m7l7","A1","zatim","Zatim","Затем","review_candidate","unreviewed"
"m7l7","A1","posle","Posle","После","review_candidate","unreviewed"
"m7l7","A1","uveče","Uveče","Вечером","review_candidate","unreviewed"
"m7l7","A1","stan","Stan","Квартира","review_candidate","unreviewed"
"m7l7","A1","kuća","Kuća","Дом","review_candidate","unreviewed"
"m8l1","A1","sir","Sir","Сыр","new_candidate","unreviewed"
"m8l1","A1","jaje","Jaje","Яйцо","new_candidate","unreviewed"
"m8l1","A1","jaja","Jaja","Яйца","new_candidate","unreviewed"
"m8l1","A1","sok","Sok","Сок","new_candidate","unreviewed"
"m8l1","A1","meso","Meso","Мясо","new_candidate","unreviewed"
"m8l1","A1","riba","Riba","Рыба","new_candidate","unreviewed"
"m8l1","A1","hleb","Hleb","Хлеб","review_candidate","unreviewed"
"m8l1","A1","mleko","Mleko","Молоко","review_candidate","unreviewed"
"m8l1","A1","voda","Voda","Вода","review_candidate","unreviewed"
"m8l1","A1","kafa","Kafa","Кофе","review_candidate","unreviewed"
"m8l1","A1","čaj","Čaj","Чай","review_candidate","unreviewed"
"m8l2","A1","piletina","Piletina","Курица","new_candidate","unreviewed"
"m8l2","A1","voće","Voće","Фрукты","new_candidate","unreviewed"
"m8l2","A1","povrće","Povrće","Овощи","new_candidate","unreviewed"
"m8l2","A1","jaje","Jaje","Яйцо","review_candidate","unreviewed"
"m8l2","A1","jaja","Jaja","Яйца","review_candidate","unreviewed"
"m8l2","A1","voda","Voda","Вода","review_candidate","unreviewed"
"m8l2","A1","kafa","Kafa","Кофе","review_candidate","unreviewed"
"m8l2","A1","čaj","Čaj","Чай","review_candidate","unreviewed"
"m8l2","A1","sok","Sok","Сок","review_candidate","unreviewed"
"m8l2","A1","meso","Meso","Мясо","review_candidate","unreviewed"
"m8l2","A1","riba","Riba","Рыба","review_candidate","unreviewed"
"m8l3","A1","jabuka","Jabuka","Яблоко","new_candidate","unreviewed"
"m8l3","A1","banana","Banana","Банан","new_candidate","unreviewed"
"m8l3","A1","paradajz","Paradajz","Помидор","new_candidate","unreviewed"
"m8l3","A1","kafa","Kafa","Кофе","review_candidate","unreviewed"
"m8l3","A1","čaj","Čaj","Чай","review_candidate","unreviewed"
"m8l3","A1","sok","Sok","Сок","review_candidate","unreviewed"
"m8l3","A1","meso","Meso","Мясо","review_candidate","unreviewed"
"m8l3","A1","riba","Riba","Рыба","review_candidate","unreviewed"
"m8l3","A1","piletina","Piletina","Курица","review_candidate","unreviewed"
"m8l3","A1","voće","Voće","Фрукты","review_candidate","unreviewed"
"m8l3","A1","povrće","Povrće","Овощи","review_candidate","unreviewed"
"m8l4","A1","krompir","Krompir","Картофель","new_candidate","unreviewed"
"m8l4","A1","so","So","Соль","new_candidate","unreviewed"
"m8l4","A1","meso","Meso","Мясо","review_candidate","unreviewed"
"m8l4","A1","riba","Riba","Рыба","review_candidate","unreviewed"
"m8l4","A1","piletina","Piletina","Курица","review_candidate","unreviewed"
"m8l4","A1","voće","Voće","Фрукты","review_candidate","unreviewed"
"m8l4","A1","povrće","Povrće","Овощи","review_candidate","unreviewed"
"m8l4","A1","jabuka","Jabuka","Яблоко","review_candidate","unreviewed"
"m8l4","A1","banana","Banana","Банан","review_candidate","unreviewed"
"m8l4","A1","paradajz","Paradajz","Помидор","review_candidate","unreviewed"
"m8l4","A1","šećer","Šećer","Сахар","review_candidate","unreviewed"
"m8l5","A1","kilogram","Kilogram","Килограмм","new_candidate","unreviewed"
"m8l5","A1","komad","Komad","Штука","new_candidate","unreviewed"
"m8l5","A1","voće","Voće","Фрукты","review_candidate","unreviewed"
"m8l5","A1","povrće","Povrće","Овощи","review_candidate","unreviewed"
"m8l5","A1","jabuka","Jabuka","Яблоко","review_candidate","unreviewed"
"m8l5","A1","banana","Banana","Банан","review_candidate","unreviewed"
"m8l5","A1","paradajz","Paradajz","Помидор","review_candidate","unreviewed"
"m8l5","A1","krompir","Krompir","Картофель","review_candidate","unreviewed"
"m8l5","A1","šećer","Šećer","Сахар","review_candidate","unreviewed"
"m8l5","A1","so","So","Соль","review_candidate","unreviewed"
"m8l5","A1","cena","Cena","Цена","review_candidate","unreviewed"
"m8l6","A1","kusur","Kusur","Сдача","new_candidate","unreviewed"
"m8l6","A1","kartica","Kartica","Банковская карта","new_candidate","unreviewed"
"m8l6","A1","banana","Banana","Банан","review_candidate","unreviewed"
"m8l6","A1","paradajz","Paradajz","Помидор","review_candidate","unreviewed"
"m8l6","A1","krompir","Krompir","Картофель","review_candidate","unreviewed"
"m8l6","A1","šećer","Šećer","Сахар","review_candidate","unreviewed"
"m8l6","A1","so","So","Соль","review_candidate","unreviewed"
"m8l6","A1","kilogram","Kilogram","Килограмм","review_candidate","unreviewed"
"m8l6","A1","komad","Komad","Штука","review_candidate","unreviewed"
"m8l6","A1","cena","Cena","Цена","review_candidate","unreviewed"
"m8l6","A1","račun","Račun","Чек / счёт","review_candidate","unreviewed"
"m8l7","A1","gotovina","Gotovina","Наличные","new_candidate","unreviewed"
"m8l7","A1","skupo","Skupo","Дорого","new_candidate","unreviewed"
"m8l7","A1","jeftino","Jeftino","Дёшево","new_candidate","unreviewed"
"m8l7","A1","šećer","Šećer","Сахар","review_candidate","unreviewed"
"m8l7","A1","so","So","Соль","review_candidate","unreviewed"
"m8l7","A1","kilogram","Kilogram","Килограмм","review_candidate","unreviewed"
"m8l7","A1","komad","Komad","Штука","review_candidate","unreviewed"
"m8l7","A1","cena","Cena","Цена","review_candidate","unreviewed"
"m8l7","A1","račun","Račun","Чек / счёт","review_candidate","unreviewed"
"m8l7","A1","kusur","Kusur","Сдача","review_candidate","unreviewed"
"m8l7","A1","kartica","Kartica","Банковская карта","review_candidate","unreviewed"
"m9l1","A1","centar","Centar","Центр","new_candidate","unreviewed"
"m9l1","A1","trg","Trg","Площадь","new_candidate","unreviewed"
"m9l1","A1","most","Most","Мост","new_candidate","unreviewed"
"m9l1","A1","park","Park","Парк","new_candidate","unreviewed"
"m9l1","A1","raskrsnica","Raskrsnica","Перекрёсток","new_candidate","unreviewed"
"m9l1","A1","semafor","Semafor","Светофор","new_candidate","unreviewed"
"m9l1","A1","stanica","Stanica","Остановка / станция","new_candidate","unreviewed"
"m9l1","A1","autobus","Autobus","Автобус","new_candidate","unreviewed"
"m9l1","A1","karta","Karta","Билет / карта","new_candidate","unreviewed"
"m9l1","A1","voz","Voz","Поезд","new_candidate","unreviewed"
"m9l1","A1","ulica","Ulica","Улица","review_candidate","unreviewed"
"m9l2","A1","taksi","Taksi","Такси","new_candidate","unreviewed"
"m9l2","A1","peške","Peške","Пешком","new_candidate","unreviewed"
"m9l2","A1","most","Most","Мост","review_candidate","unreviewed"
"m9l2","A1","park","Park","Парк","review_candidate","unreviewed"
"m9l2","A1","raskrsnica","Raskrsnica","Перекрёсток","review_candidate","unreviewed"
"m9l2","A1","semafor","Semafor","Светофор","review_candidate","unreviewed"
"m9l2","A1","stanica","Stanica","Остановка / станция","review_candidate","unreviewed"
"m9l2","A1","autobus","Autobus","Автобус","review_candidate","unreviewed"
"m9l2","A1","karta","Karta","Билет / карта","review_candidate","unreviewed"
"m9l2","A1","voz","Voz","Поезд","review_candidate","unreviewed"
"m9l2","A1","levo","Levo","Налево","review_candidate","unreviewed"
"m9l3","A1","blizu","Blizu","Близко","new_candidate","unreviewed"
"m9l3","A1","semafor","Semafor","Светофор","review_candidate","unreviewed"
"m9l3","A1","stanica","Stanica","Остановка / станция","review_candidate","unreviewed"
"m9l3","A1","autobus","Autobus","Автобус","review_candidate","unreviewed"
"m9l3","A1","karta","Karta","Билет / карта","review_candidate","unreviewed"
"m9l3","A1","voz","Voz","Поезд","review_candidate","unreviewed"
"m9l3","A1","taksi","Taksi","Такси","review_candidate","unreviewed"
"m9l3","A1","peške","Peške","Пешком","review_candidate","unreviewed"
"m9l3","A1","levo","Levo","Налево","review_candidate","unreviewed"
"m9l3","A1","desno","Desno","Направо","review_candidate","unreviewed"
"m9l3","A1","pravo","Pravo","Прямо","review_candidate","unreviewed"
"m9l4","A1","daleko","Daleko","Далеко","new_candidate","unreviewed"
"m9l4","A1","vreme","Vreme","Погода / время","new_candidate","unreviewed"
"m9l4","A1","kiša","Kiša","Дождь","new_candidate","unreviewed"
"m9l4","A1","karta","Karta","Билет / карта","review_candidate","unreviewed"
"m9l4","A1","voz","Voz","Поезд","review_candidate","unreviewed"
"m9l4","A1","taksi","Taksi","Такси","review_candidate","unreviewed"
"m9l4","A1","peške","Peške","Пешком","review_candidate","unreviewed"
"m9l4","A1","levo","Levo","Налево","review_candidate","unreviewed"
"m9l4","A1","desno","Desno","Направо","review_candidate","unreviewed"
"m9l4","A1","pravo","Pravo","Прямо","review_candidate","unreviewed"
"m9l4","A1","blizu","Blizu","Близко","review_candidate","unreviewed"
"m9l5","A1","sneg","Sneg","Снег","new_candidate","unreviewed"
"m9l5","A1","toplo","Toplo","Тепло","new_candidate","unreviewed"
"m9l5","A1","hladno","Hladno","Холодно","new_candidate","unreviewed"
"m9l5","A1","peške","Peške","Пешком","review_candidate","unreviewed"
"m9l5","A1","levo","Levo","Налево","review_candidate","unreviewed"
"m9l5","A1","desno","Desno","Направо","review_candidate","unreviewed"
"m9l5","A1","pravo","Pravo","Прямо","review_candidate","unreviewed"
"m9l5","A1","blizu","Blizu","Близко","review_candidate","unreviewed"
"m9l5","A1","daleko","Daleko","Далеко","review_candidate","unreviewed"
"m9l5","A1","vreme","Vreme","Погода / время","review_candidate","unreviewed"
"m9l5","A1","kiša","Kiša","Дождь","review_candidate","unreviewed"
"m9l6","A1","vetrovito","Vetrovito","Ветрено","new_candidate","unreviewed"
"m9l6","A1","jakna","Jakna","Куртка","new_candidate","unreviewed"
"m9l6","A1","majica","Majica","Футболка","new_candidate","unreviewed"
"m9l6","A1","pravo","Pravo","Прямо","review_candidate","unreviewed"
"m9l6","A1","blizu","Blizu","Близко","review_candidate","unreviewed"
"m9l6","A1","daleko","Daleko","Далеко","review_candidate","unreviewed"
"m9l6","A1","vreme","Vreme","Погода / время","review_candidate","unreviewed"
"m9l6","A1","kiša","Kiša","Дождь","review_candidate","unreviewed"
"m9l6","A1","sneg","Sneg","Снег","review_candidate","unreviewed"
"m9l6","A1","toplo","Toplo","Тепло","review_candidate","unreviewed"
"m9l6","A1","hladno","Hladno","Холодно","review_candidate","unreviewed"
"m9l7","A1","pantalone","Pantalone","Брюки","new_candidate","unreviewed"
"m9l7","A1","cipele","Cipele","Туфли / обувь","new_candidate","unreviewed"
"m9l7","A1","vreme","Vreme","Погода / время","review_candidate","unreviewed"
"m9l7","A1","kiša","Kiša","Дождь","review_candidate","unreviewed"
"m9l7","A1","sneg","Sneg","Снег","review_candidate","unreviewed"
"m9l7","A1","toplo","Toplo","Тепло","review_candidate","unreviewed"
"m9l7","A1","hladno","Hladno","Холодно","review_candidate","unreviewed"
"m9l7","A1","vetrovito","Vetrovito","Ветрено","review_candidate","unreviewed"
"m9l7","A1","jakna","Jakna","Куртка","review_candidate","unreviewed"
"m9l7","A1","majica","Majica","Футболка","review_candidate","unreviewed"
"m9l7","A1","centar","Centar","Центр","review_candidate","unreviewed"
"m10l1","A1","glava","Glava","Голова","new_candidate","unreviewed"
"m10l1","A1","noga","Noga","Нога","new_candidate","unreviewed"
"m10l1","A1","stomak","Stomak","Живот","new_candidate","unreviewed"
"m10l1","A1","grlo","Grlo","Горло","new_candidate","unreviewed"
"m10l1","A1","zub","Zub","Зуб","new_candidate","unreviewed"
"m10l1","A1","boli me","Boli me","У меня болит","new_candidate","unreviewed"
"m10l1","A1","temperatura","Temperatura","Температура","new_candidate","unreviewed"
"m10l1","A1","pedijatar","Pedijatar","Педиатр","new_candidate","unreviewed"
"m10l1","A1","pregled","Pregled","Осмотр / приём","new_candidate","unreviewed"
"m10l1","A1","ruka","Ruka","Рука","review_candidate","unreviewed"
"m10l1","A1","lekar","Lekar","Врач","review_candidate","unreviewed"
"m10l2","A1","termin","Termin","Время приёма / запись","new_candidate","unreviewed"
"m10l2","A1","bolnica","Bolnica","Больница","new_candidate","unreviewed"
"m10l2","A1","stomak","Stomak","Живот","review_candidate","unreviewed"
"m10l2","A1","grlo","Grlo","Горло","review_candidate","unreviewed"
"m10l2","A1","zub","Zub","Зуб","review_candidate","unreviewed"
"m10l2","A1","boli me","Boli me","У меня болит","review_candidate","unreviewed"
"m10l2","A1","temperatura","Temperatura","Температура","review_candidate","unreviewed"
"m10l2","A1","lekar","Lekar","Врач","review_candidate","unreviewed"
"m10l2","A1","pedijatar","Pedijatar","Педиатр","review_candidate","unreviewed"
"m10l2","A1","pregled","Pregled","Осмотр / приём","review_candidate","unreviewed"
"m10l2","A1","apoteka","Apoteka","Аптека","review_candidate","unreviewed"
"m10l3","A1","lek","Lek","Лекарство","new_candidate","unreviewed"
"m10l3","A1","recept","Recept","Рецепт","new_candidate","unreviewed"
"m10l3","A1","boli me","Boli me","У меня болит","review_candidate","unreviewed"
"m10l3","A1","temperatura","Temperatura","Температура","review_candidate","unreviewed"
"m10l3","A1","lekar","Lekar","Врач","review_candidate","unreviewed"
"m10l3","A1","pedijatar","Pedijatar","Педиатр","review_candidate","unreviewed"
"m10l3","A1","pregled","Pregled","Осмотр / приём","review_candidate","unreviewed"
"m10l3","A1","termin","Termin","Время приёма / запись","review_candidate","unreviewed"
"m10l3","A1","bolnica","Bolnica","Больница","review_candidate","unreviewed"
"m10l3","A1","apoteka","Apoteka","Аптека","review_candidate","unreviewed"
"m10l3","A1","poruka","Poruka","Сообщение","review_candidate","unreviewed"
"m10l4","A1","poziv","Poziv","Звонок","new_candidate","unreviewed"
"m10l4","A1","halo","Halo","Алло","new_candidate","unreviewed"
"m10l4","A1","sporije","Sporije","Медленнее","new_candidate","unreviewed"
"m10l4","A1","pedijatar","Pedijatar","Педиатр","review_candidate","unreviewed"
"m10l4","A1","pregled","Pregled","Осмотр / приём","review_candidate","unreviewed"
"m10l4","A1","termin","Termin","Время приёма / запись","review_candidate","unreviewed"
"m10l4","A1","bolnica","Bolnica","Больница","review_candidate","unreviewed"
"m10l4","A1","apoteka","Apoteka","Аптека","review_candidate","unreviewed"
"m10l4","A1","lek","Lek","Лекарство","review_candidate","unreviewed"
"m10l4","A1","recept","Recept","Рецепт","review_candidate","unreviewed"
"m10l4","A1","poruka","Poruka","Сообщение","review_candidate","unreviewed"
"m10l5","A1","ponovite","Ponovite","Повторите","new_candidate","unreviewed"
"m10l5","A1","pitanje","Pitanje","Вопрос","new_candidate","unreviewed"
"m10l5","A1","unapred","Unapred","Заранее","new_candidate","unreviewed"
"m10l5","A1","bolnica","Bolnica","Больница","review_candidate","unreviewed"
"m10l5","A1","apoteka","Apoteka","Аптека","review_candidate","unreviewed"
"m10l5","A1","lek","Lek","Лекарство","review_candidate","unreviewed"
"m10l5","A1","recept","Recept","Рецепт","review_candidate","unreviewed"
"m10l5","A1","poruka","Poruka","Сообщение","review_candidate","unreviewed"
"m10l5","A1","poziv","Poziv","Звонок","review_candidate","unreviewed"
"m10l5","A1","halo","Halo","Алло","review_candidate","unreviewed"
"m10l5","A1","sporije","Sporije","Медленнее","review_candidate","unreviewed"
"m10l6","A1","pozdrav","Pozdrav","Приветствие / с уважением","new_candidate","unreviewed"
"m10l6","A1","školi","Školi","В школе (форма)","new_candidate","unreviewed"
"m10l6","A1","školu","Školu","В школу (форма)","new_candidate","unreviewed"
"m10l6","A1","recept","Recept","Рецепт","review_candidate","unreviewed"
"m10l6","A1","poruka","Poruka","Сообщение","review_candidate","unreviewed"
"m10l6","A1","poziv","Poziv","Звонок","review_candidate","unreviewed"
"m10l6","A1","halo","Halo","Алло","review_candidate","unreviewed"
"m10l6","A1","sporije","Sporije","Медленнее","review_candidate","unreviewed"
"m10l6","A1","ponovite","Ponovite","Повторите","review_candidate","unreviewed"
"m10l6","A1","pitanje","Pitanje","Вопрос","review_candidate","unreviewed"
"m10l6","A1","unapred","Unapred","Заранее","review_candidate","unreviewed"
"m10l7","A1","halo","Halo","Алло","review_candidate","unreviewed"
"m10l7","A1","sporije","Sporije","Медленнее","review_candidate","unreviewed"
"m10l7","A1","ponovite","Ponovite","Повторите","review_candidate","unreviewed"
"m10l7","A1","pitanje","Pitanje","Вопрос","review_candidate","unreviewed"
"m10l7","A1","unapred","Unapred","Заранее","review_candidate","unreviewed"
"m10l7","A1","pozdrav","Pozdrav","Приветствие / с уважением","review_candidate","unreviewed"
"m10l7","A1","školi","Školi","В школе (форма)","review_candidate","unreviewed"
"m10l7","A1","školu","Školu","В школу (форма)","review_candidate","unreviewed"
"m10l7","A1","glava","Glava","Голова","review_candidate","unreviewed"
"m10l7","A1","ruka","Ruka","Рука","review_candidate","unreviewed"
"m10l7","A1","noga","Noga","Нога","review_candidate","unreviewed"
"m11l1","A2","nominativ","Nominativ","Именительный падеж","new_candidate","unreviewed"
"m11l1","A2","akuzativ","Akuzativ","Винительный падеж","new_candidate","unreviewed"
"m11l1","A2","genitiv","Genitiv","Родительный падеж","new_candidate","unreviewed"
"m11l1","A2","knjiga","Knjiga","Книга","new_candidate","unreviewed"
"m11l1","A2","knjigu","Knjigu","Книгу","new_candidate","unreviewed"
"m11l1","A2","čoveka","Čoveka","Человека (вин.)","new_candidate","unreviewed"
"m11l1","A2","torba","Torba","Сумка","new_candidate","unreviewed"
"m11l1","A2","torbu","Torbu","Сумку","new_candidate","unreviewed"
"m11l1","A2","vode","Vode","Воды","new_candidate","unreviewed"
"m11l1","A2","čovek","Čovek","Человек","review_candidate","unreviewed"
"m11l1","A2","voda","Voda","Вода","review_candidate","unreviewed"
"m11l2","A2","sira","Sira","Сыра","new_candidate","unreviewed"
"m11l2","A2","čaša","Čaša","Стакан","new_candidate","unreviewed"
"m11l2","A2","knjiga","Knjiga","Книга","review_candidate","unreviewed"
"m11l2","A2","knjigu","Knjigu","Книгу","review_candidate","unreviewed"
"m11l2","A2","čovek","Čovek","Человек","review_candidate","unreviewed"
"m11l2","A2","čoveka","Čoveka","Человека (вин.)","review_candidate","unreviewed"
"m11l2","A2","torba","Torba","Сумка","review_candidate","unreviewed"
"m11l2","A2","torbu","Torbu","Сумку","review_candidate","unreviewed"
"m11l2","A2","voda","Voda","Вода","review_candidate","unreviewed"
"m11l2","A2","vode","Vode","Воды","review_candidate","unreviewed"
"m11l2","A2","sir","Sir","Сыр","review_candidate","unreviewed"
"m11l3","A2","bez","Bez","Без","new_candidate","unreviewed"
"m11l3","A2","od","Od","От","new_candidate","unreviewed"
"m11l3","A2","iz","Iz","Из","new_candidate","unreviewed"
"m11l3","A2","čoveka","Čoveka","Человека (вин.)","review_candidate","unreviewed"
"m11l3","A2","torba","Torba","Сумка","review_candidate","unreviewed"
"m11l3","A2","torbu","Torbu","Сумку","review_candidate","unreviewed"
"m11l3","A2","voda","Voda","Вода","review_candidate","unreviewed"
"m11l3","A2","vode","Vode","Воды","review_candidate","unreviewed"
"m11l3","A2","sir","Sir","Сыр","review_candidate","unreviewed"
"m11l3","A2","sira","Sira","Сыра","review_candidate","unreviewed"
"m11l3","A2","čaša","Čaša","Стакан","review_candidate","unreviewed"
"m11l4","A2","do","Do","До","new_candidate","unreviewed"
"m11l4","A2","posao","Posao","Работа","new_candidate","unreviewed"
"m11l4","A2","voda","Voda","Вода","review_candidate","unreviewed"
"m11l4","A2","vode","Vode","Воды","review_candidate","unreviewed"
"m11l4","A2","sir","Sir","Сыр","review_candidate","unreviewed"
"m11l4","A2","sira","Sira","Сыра","review_candidate","unreviewed"
"m11l4","A2","čaša","Čaša","Стакан","review_candidate","unreviewed"
"m11l4","A2","bez","Bez","Без","review_candidate","unreviewed"
"m11l4","A2","od","Od","От","review_candidate","unreviewed"
"m11l4","A2","iz","Iz","Из","review_candidate","unreviewed"
"m11l4","A2","vreme","Vreme","Время","review_candidate","unreviewed"
"m11l5","A2","vremena","Vremena","Времени","new_candidate","unreviewed"
"m11l5","A2","nemam","Nemam","У меня нет","new_candidate","unreviewed"
"m11l5","A2","sira","Sira","Сыра","review_candidate","unreviewed"
"m11l5","A2","čaša","Čaša","Стакан","review_candidate","unreviewed"
"m11l5","A2","bez","Bez","Без","review_candidate","unreviewed"
"m11l5","A2","od","Od","От","review_candidate","unreviewed"
"m11l5","A2","iz","Iz","Из","review_candidate","unreviewed"
"m11l5","A2","do","Do","До","review_candidate","unreviewed"
"m11l5","A2","posao","Posao","Работа","review_candidate","unreviewed"
"m11l5","A2","vreme","Vreme","Время","review_candidate","unreviewed"
"m11l5","A2","nema","Nema","Нет / отсутствует","review_candidate","unreviewed"
"m11l6","A2","kupujem","Kupujem","Я покупаю","new_candidate","unreviewed"
"m11l6","A2","vidim","Vidim","Я вижу","new_candidate","unreviewed"
"m11l6","A2","tražim","Tražim","Я ищу","new_candidate","unreviewed"
"m11l6","A2","od","Od","От","review_candidate","unreviewed"
"m11l6","A2","iz","Iz","Из","review_candidate","unreviewed"
"m11l6","A2","do","Do","До","review_candidate","unreviewed"
"m11l6","A2","posao","Posao","Работа","review_candidate","unreviewed"
"m11l6","A2","vreme","Vreme","Время","review_candidate","unreviewed"
"m11l6","A2","vremena","Vremena","Времени","review_candidate","unreviewed"
"m11l6","A2","nema","Nema","Нет / отсутствует","review_candidate","unreviewed"
"m11l6","A2","nemam","Nemam","У меня нет","review_candidate","unreviewed"
"m11l7","A2","želim","Želim","Я хочу","new_candidate","unreviewed"
"m11l7","A2","posao","Posao","Работа","review_candidate","unreviewed"
"m11l7","A2","vreme","Vreme","Время","review_candidate","unreviewed"
"m11l7","A2","vremena","Vremena","Времени","review_candidate","unreviewed"
"m11l7","A2","nema","Nema","Нет / отсутствует","review_candidate","unreviewed"
"m11l7","A2","nemam","Nemam","У меня нет","review_candidate","unreviewed"
"m11l7","A2","kupujem","Kupujem","Я покупаю","review_candidate","unreviewed"
"m11l7","A2","vidim","Vidim","Я вижу","review_candidate","unreviewed"
"m11l7","A2","tražim","Tražim","Я ищу","review_candidate","unreviewed"
"m11l7","A2","nominativ","Nominativ","Именительный падеж","review_candidate","unreviewed"
"m11l7","A2","akuzativ","Akuzativ","Винительный падеж","review_candidate","unreviewed"
"m11l8","A2","nema","Nema","Нет / отсутствует","review_candidate","unreviewed"
"m11l8","A2","nemam","Nemam","У меня нет","review_candidate","unreviewed"
"m11l8","A2","kupujem","Kupujem","Я покупаю","review_candidate","unreviewed"
"m11l8","A2","vidim","Vidim","Я вижу","review_candidate","unreviewed"
"m11l8","A2","tražim","Tražim","Я ищу","review_candidate","unreviewed"
"m11l8","A2","želim","Želim","Я хочу","review_candidate","unreviewed"
"m11l8","A2","nominativ","Nominativ","Именительный падеж","review_candidate","unreviewed"
"m11l8","A2","akuzativ","Akuzativ","Винительный падеж","review_candidate","unreviewed"
"m11l8","A2","genitiv","Genitiv","Родительный падеж","review_candidate","unreviewed"
"m11l8","A2","knjiga","Knjiga","Книга","review_candidate","unreviewed"
"m11l8","A2","knjigu","Knjigu","Книгу","review_candidate","unreviewed"
"m11l9","A2","vidim","Vidim","Я вижу","review_candidate","unreviewed"
"m11l9","A2","tražim","Tražim","Я ищу","review_candidate","unreviewed"
"m11l9","A2","želim","Želim","Я хочу","review_candidate","unreviewed"
"m11l9","A2","nominativ","Nominativ","Именительный падеж","review_candidate","unreviewed"
"m11l9","A2","akuzativ","Akuzativ","Винительный падеж","review_candidate","unreviewed"
"m11l9","A2","genitiv","Genitiv","Родительный падеж","review_candidate","unreviewed"
"m11l9","A2","knjiga","Knjiga","Книга","review_candidate","unreviewed"
"m11l9","A2","knjigu","Knjigu","Книгу","review_candidate","unreviewed"
"m11l9","A2","čovek","Čovek","Человек","review_candidate","unreviewed"
"m11l9","A2","čoveka","Čoveka","Человека (вин.)","review_candidate","unreviewed"
"m11l9","A2","torba","Torba","Сумка","review_candidate","unreviewed"
"m12l1","A2","dativ","Dativ","Дательный падеж","new_candidate","unreviewed"
"m12l1","A2","lokativ","Lokativ","Местный падеж","new_candidate","unreviewed"
"m12l1","A2","instrumental","Instrumental","Творительный падеж","new_candidate","unreviewed"
"m12l1","A2","vokativ","Vokativ","Звательный падеж","new_candidate","unreviewed"
"m12l1","A2","detetu","Detetu","Ребёнку","new_candidate","unreviewed"
"m12l1","A2","prijatelj","Prijatelj","Друг","new_candidate","unreviewed"
"m12l1","A2","prijatelju","Prijatelju","Другу / друг! (по контексту)","new_candidate","unreviewed"
"m12l1","A2","prijateljem","Prijateljem","Другом","new_candidate","unreviewed"
"m12l1","A2","sa","Sa","С","new_candidate","unreviewed"
"m12l1","A2","ka","Ka","К (в направлении)","new_candidate","unreviewed"
"m12l1","A2","o","O","О / об","new_candidate","unreviewed"
"m12l2","A2","kod","Kod","У / возле","new_candidate","unreviewed"
"m12l2","A2","meni","Meni","Мне","new_candidate","unreviewed"
"m12l2","A2","tebi","Tebi","Тебе","new_candidate","unreviewed"
"m12l2","A2","vokativ","Vokativ","Звательный падеж","review_candidate","unreviewed"
"m12l2","A2","detetu","Detetu","Ребёнку","review_candidate","unreviewed"
"m12l2","A2","prijatelj","Prijatelj","Друг","review_candidate","unreviewed"
"m12l2","A2","prijatelju","Prijatelju","Другу / друг! (по контексту)","review_candidate","unreviewed"
"m12l2","A2","prijateljem","Prijateljem","Другом","review_candidate","unreviewed"
"m12l2","A2","sa","Sa","С","review_candidate","unreviewed"
"m12l2","A2","ka","Ka","К (в направлении)","review_candidate","unreviewed"
"m12l2","A2","o","O","О / об","review_candidate","unreviewed"
"m12l3","A2","mene","Mene","Меня","new_candidate","unreviewed"
"m12l3","A2","tebe","Tebe","Тебя","new_candidate","unreviewed"
"m12l3","A2","sa mnom","Sa mnom","Со мной","new_candidate","unreviewed"
"m12l3","A2","prijatelju","Prijatelju","Другу / друг! (по контексту)","review_candidate","unreviewed"
"m12l3","A2","prijateljem","Prijateljem","Другом","review_candidate","unreviewed"
"m12l3","A2","sa","Sa","С","review_candidate","unreviewed"
"m12l3","A2","ka","Ka","К (в направлении)","review_candidate","unreviewed"
"m12l3","A2","o","O","О / об","review_candidate","unreviewed"
"m12l3","A2","kod","Kod","У / возле","review_candidate","unreviewed"
"m12l3","A2","meni","Meni","Мне","review_candidate","unreviewed"
"m12l3","A2","tebi","Tebi","Тебе","review_candidate","unreviewed"
"m12l4","A2","sa tobom","Sa tobom","С тобой","new_candidate","unreviewed"
"m12l4","A2","olovka","Olovka","Карандаш","new_candidate","unreviewed"
"m12l4","A2","olovkom","Olovkom","Карандашом","new_candidate","unreviewed"
"m12l4","A2","ka","Ka","К (в направлении)","review_candidate","unreviewed"
"m12l4","A2","o","O","О / об","review_candidate","unreviewed"
"m12l4","A2","kod","Kod","У / возле","review_candidate","unreviewed"
"m12l4","A2","meni","Meni","Мне","review_candidate","unreviewed"
"m12l4","A2","tebi","Tebi","Тебе","review_candidate","unreviewed"
"m12l4","A2","mene","Mene","Меня","review_candidate","unreviewed"
"m12l4","A2","tebe","Tebe","Тебя","review_candidate","unreviewed"
"m12l4","A2","sa mnom","Sa mnom","Со мной","review_candidate","unreviewed"
"m12l5","A2","poslu","Poslu","На работе (после na)","new_candidate","unreviewed"
"m12l5","A2","učitelju","Učitelju","Учителю / учитель! (по контексту)","new_candidate","unreviewed"
"m12l5","A2","meni","Meni","Мне","review_candidate","unreviewed"
"m12l5","A2","tebi","Tebi","Тебе","review_candidate","unreviewed"
"m12l5","A2","mene","Mene","Меня","review_candidate","unreviewed"
"m12l5","A2","tebe","Tebe","Тебя","review_candidate","unreviewed"
"m12l5","A2","sa mnom","Sa mnom","Со мной","review_candidate","unreviewed"
"m12l5","A2","sa tobom","Sa tobom","С тобой","review_candidate","unreviewed"
"m12l5","A2","olovka","Olovka","Карандаш","review_candidate","unreviewed"
"m12l5","A2","olovkom","Olovkom","Карандашом","review_candidate","unreviewed"
"m12l5","A2","školi","Školi","В школе (после u)","review_candidate","unreviewed"
"m12l6","A2","dajem","Dajem","Я даю","new_candidate","unreviewed"
"m12l6","A2","razgovaram","Razgovaram","Я разговариваю","new_candidate","unreviewed"
"m12l6","A2","tebe","Tebe","Тебя","review_candidate","unreviewed"
"m12l6","A2","sa mnom","Sa mnom","Со мной","review_candidate","unreviewed"
"m12l6","A2","sa tobom","Sa tobom","С тобой","review_candidate","unreviewed"
"m12l6","A2","olovka","Olovka","Карандаш","review_candidate","unreviewed"
"m12l6","A2","olovkom","Olovkom","Карандашом","review_candidate","unreviewed"
"m12l6","A2","školi","Školi","В школе (после u)","review_candidate","unreviewed"
"m12l6","A2","poslu","Poslu","На работе (после na)","review_candidate","unreviewed"
"m12l6","A2","učitelju","Učitelju","Учителю / учитель! (по контексту)","review_candidate","unreviewed"
"m12l6","A2","pišem","Pišem","Я пишу","review_candidate","unreviewed"
"m12l7","A2","olovka","Olovka","Карандаш","review_candidate","unreviewed"
"m12l7","A2","olovkom","Olovkom","Карандашом","review_candidate","unreviewed"
"m12l7","A2","školi","Školi","В школе (после u)","review_candidate","unreviewed"
"m12l7","A2","poslu","Poslu","На работе (после na)","review_candidate","unreviewed"
"m12l7","A2","učitelju","Učitelju","Учителю / учитель! (по контексту)","review_candidate","unreviewed"
"m12l7","A2","dajem","Dajem","Я даю","review_candidate","unreviewed"
"m12l7","A2","pišem","Pišem","Я пишу","review_candidate","unreviewed"
"m12l7","A2","razgovaram","Razgovaram","Я разговариваю","review_candidate","unreviewed"
"m12l7","A2","dativ","Dativ","Дательный падеж","review_candidate","unreviewed"
"m12l7","A2","lokativ","Lokativ","Местный падеж","review_candidate","unreviewed"
"m12l7","A2","instrumental","Instrumental","Творительный падеж","review_candidate","unreviewed"
"m12l8","A2","poslu","Poslu","На работе (после na)","review_candidate","unreviewed"
"m12l8","A2","učitelju","Učitelju","Учителю / учитель! (по контексту)","review_candidate","unreviewed"
"m12l8","A2","dajem","Dajem","Я даю","review_candidate","unreviewed"
"m12l8","A2","pišem","Pišem","Я пишу","review_candidate","unreviewed"
"m12l8","A2","razgovaram","Razgovaram","Я разговариваю","review_candidate","unreviewed"
"m12l8","A2","dativ","Dativ","Дательный падеж","review_candidate","unreviewed"
"m12l8","A2","lokativ","Lokativ","Местный падеж","review_candidate","unreviewed"
"m12l8","A2","instrumental","Instrumental","Творительный падеж","review_candidate","unreviewed"
"m12l8","A2","vokativ","Vokativ","Звательный падеж","review_candidate","unreviewed"
"m12l8","A2","detetu","Detetu","Ребёнку","review_candidate","unreviewed"
"m12l8","A2","prijatelj","Prijatelj","Друг","review_candidate","unreviewed"
"m12l9","A2","pišem","Pišem","Я пишу","review_candidate","unreviewed"
"m12l9","A2","razgovaram","Razgovaram","Я разговариваю","review_candidate","unreviewed"
"m12l9","A2","dativ","Dativ","Дательный падеж","review_candidate","unreviewed"
"m12l9","A2","lokativ","Lokativ","Местный падеж","review_candidate","unreviewed"
"m12l9","A2","instrumental","Instrumental","Творительный падеж","review_candidate","unreviewed"
"m12l9","A2","vokativ","Vokativ","Звательный падеж","review_candidate","unreviewed"
"m12l9","A2","detetu","Detetu","Ребёнку","review_candidate","unreviewed"
"m12l9","A2","prijatelj","Prijatelj","Друг","review_candidate","unreviewed"
"m12l9","A2","prijatelju","Prijatelju","Другу / друг! (по контексту)","review_candidate","unreviewed"
"m12l9","A2","prijateljem","Prijateljem","Другом","review_candidate","unreviewed"
"m12l9","A2","sa","Sa","С","review_candidate","unreviewed"
"m13l1","A2","juče","Juče","Вчера","new_candidate","unreviewed"
"m13l1","A2","prekjuče","Prekjuče","Позавчера","new_candidate","unreviewed"
"m13l1","A2","prošle nedelje","Prošle nedelje","На прошлой неделе","new_candidate","unreviewed"
"m13l1","A2","sledeće nedelje","Sledeće nedelje","На следующей неделе","new_candidate","unreviewed"
"m13l1","A2","radio sam","Radio sam","Я работал (м.)","new_candidate","unreviewed"
"m13l1","A2","radila sam","Radila sam","Я работала (ж.)","new_candidate","unreviewed"
"m13l1","A2","bio sam","Bio sam","Я был (м.)","new_candidate","unreviewed"
"m13l1","A2","bila sam","Bila sam","Я была (ж.)","new_candidate","unreviewed"
"m13l1","A2","došao sam","Došao sam","Я пришёл (м.)","new_candidate","unreviewed"
"m13l1","A2","išao sam","Išao sam","Я ходил (м.)","new_candidate","unreviewed"
"m13l1","A2","sutra","Sutra","Завтра","review_candidate","unreviewed"
"m13l2","A2","ću","Ću","Буду (частица)","new_candidate","unreviewed"
"m13l2","A2","mogu","Mogu","Могу","new_candidate","unreviewed"
"m13l2","A2","ne mogu","Ne mogu","Не могу","new_candidate","unreviewed"
"m13l2","A2","prošle nedelje","Prošle nedelje","На прошлой неделе","review_candidate","unreviewed"
"m13l2","A2","sledeće nedelje","Sledeće nedelje","На следующей неделе","review_candidate","unreviewed"
"m13l2","A2","radio sam","Radio sam","Я работал (м.)","review_candidate","unreviewed"
"m13l2","A2","radila sam","Radila sam","Я работала (ж.)","review_candidate","unreviewed"
"m13l2","A2","bio sam","Bio sam","Я был (м.)","review_candidate","unreviewed"
"m13l2","A2","bila sam","Bila sam","Я была (ж.)","review_candidate","unreviewed"
"m13l2","A2","došao sam","Došao sam","Я пришёл (м.)","review_candidate","unreviewed"
"m13l2","A2","išao sam","Išao sam","Я ходил (м.)","review_candidate","unreviewed"
"m13l3","A2","moram","Moram","Должен / мне нужно","new_candidate","unreviewed"
"m13l3","A2","ne moram","Ne moram","Не обязан / не нужно","new_candidate","unreviewed"
"m13l3","A2","treba","Treba","Нужно","new_candidate","unreviewed"
"m13l3","A2","radila sam","Radila sam","Я работала (ж.)","review_candidate","unreviewed"
"m13l3","A2","bio sam","Bio sam","Я был (м.)","review_candidate","unreviewed"
"m13l3","A2","bila sam","Bila sam","Я была (ж.)","review_candidate","unreviewed"
"m13l3","A2","došao sam","Došao sam","Я пришёл (м.)","review_candidate","unreviewed"
"m13l3","A2","išao sam","Išao sam","Я ходил (м.)","review_candidate","unreviewed"
"m13l3","A2","ću","Ću","Буду (частица)","review_candidate","unreviewed"
"m13l3","A2","mogu","Mogu","Могу","review_candidate","unreviewed"
"m13l3","A2","ne mogu","Ne mogu","Не могу","review_candidate","unreviewed"
"m13l4","A2","hoću","Hoću","Хочу","new_candidate","unreviewed"
"m13l4","A2","voleo bih","Voleo bih","Я бы хотел (м.)","new_candidate","unreviewed"
"m13l4","A2","došao sam","Došao sam","Я пришёл (м.)","review_candidate","unreviewed"
"m13l4","A2","išao sam","Išao sam","Я ходил (м.)","review_candidate","unreviewed"
"m13l4","A2","ću","Ću","Буду (частица)","review_candidate","unreviewed"
"m13l4","A2","mogu","Mogu","Могу","review_candidate","unreviewed"
"m13l4","A2","ne mogu","Ne mogu","Не могу","review_candidate","unreviewed"
"m13l4","A2","moram","Moram","Должен / мне нужно","review_candidate","unreviewed"
"m13l4","A2","ne moram","Ne moram","Не обязан / не нужно","review_candidate","unreviewed"
"m13l4","A2","treba","Treba","Нужно","review_candidate","unreviewed"
"m13l4","A2","želim","Želim","Желаю / хочу","review_candidate","unreviewed"
"m13l5","A2","zakažem","Zakažem","Я запишу / назначу","new_candidate","unreviewed"
"m13l5","A2","platim","Platim","Я оплачу","new_candidate","unreviewed"
"m13l5","A2","dođem","Dođem","Я приду","new_candidate","unreviewed"
"m13l5","A2","mogu","Mogu","Могу","review_candidate","unreviewed"
"m13l5","A2","ne mogu","Ne mogu","Не могу","review_candidate","unreviewed"
"m13l5","A2","moram","Moram","Должен / мне нужно","review_candidate","unreviewed"
"m13l5","A2","ne moram","Ne moram","Не обязан / не нужно","review_candidate","unreviewed"
"m13l5","A2","treba","Treba","Нужно","review_candidate","unreviewed"
"m13l5","A2","želim","Želim","Желаю / хочу","review_candidate","unreviewed"
"m13l5","A2","hoću","Hoću","Хочу","review_candidate","unreviewed"
"m13l5","A2","voleo bih","Voleo bih","Я бы хотел (м.)","review_candidate","unreviewed"
"m13l6","A2","idem","Idem","Я иду","new_candidate","unreviewed"
"m13l6","A2","sećam se","Sećam se","Помню / вспоминаю","new_candidate","unreviewed"
"m13l6","A2","osećam se","Osećam se","Чувствую себя","new_candidate","unreviewed"
"m13l6","A2","ne moram","Ne moram","Не обязан / не нужно","review_candidate","unreviewed"
"m13l6","A2","treba","Treba","Нужно","review_candidate","unreviewed"
"m13l6","A2","želim","Želim","Желаю / хочу","review_candidate","unreviewed"
"m13l6","A2","hoću","Hoću","Хочу","review_candidate","unreviewed"
"m13l6","A2","voleo bih","Voleo bih","Я бы хотел (м.)","review_candidate","unreviewed"
"m13l6","A2","zakažem","Zakažem","Я запишу / назначу","review_candidate","unreviewed"
"m13l6","A2","platim","Platim","Я оплачу","review_candidate","unreviewed"
"m13l6","A2","dođem","Dođem","Я приду","review_candidate","unreviewed"
"m13l7","A2","hoću","Hoću","Хочу","review_candidate","unreviewed"
"m13l7","A2","voleo bih","Voleo bih","Я бы хотел (м.)","review_candidate","unreviewed"
"m13l7","A2","zakažem","Zakažem","Я запишу / назначу","review_candidate","unreviewed"
"m13l7","A2","platim","Platim","Я оплачу","review_candidate","unreviewed"
"m13l7","A2","dođem","Dođem","Я приду","review_candidate","unreviewed"
"m13l7","A2","idem","Idem","Я иду","review_candidate","unreviewed"
"m13l7","A2","sećam se","Sećam se","Помню / вспоминаю","review_candidate","unreviewed"
"m13l7","A2","osećam se","Osećam se","Чувствую себя","review_candidate","unreviewed"
"m13l7","A2","juče","Juče","Вчера","review_candidate","unreviewed"
"m13l7","A2","sutra","Sutra","Завтра","review_candidate","unreviewed"
"m13l7","A2","prekjuče","Prekjuče","Позавчера","review_candidate","unreviewed"
"m13l8","A2","platim","Platim","Я оплачу","review_candidate","unreviewed"
"m13l8","A2","dođem","Dođem","Я приду","review_candidate","unreviewed"
"m13l8","A2","idem","Idem","Я иду","review_candidate","unreviewed"
"m13l8","A2","sećam se","Sećam se","Помню / вспоминаю","review_candidate","unreviewed"
"m13l8","A2","osećam se","Osećam se","Чувствую себя","review_candidate","unreviewed"
"m13l8","A2","juče","Juče","Вчера","review_candidate","unreviewed"
"m13l8","A2","sutra","Sutra","Завтра","review_candidate","unreviewed"
"m13l8","A2","prekjuče","Prekjuče","Позавчера","review_candidate","unreviewed"
"m13l8","A2","prošle nedelje","Prošle nedelje","На прошлой неделе","review_candidate","unreviewed"
"m13l8","A2","sledeće nedelje","Sledeće nedelje","На следующей неделе","review_candidate","unreviewed"
"m13l8","A2","radio sam","Radio sam","Я работал (м.)","review_candidate","unreviewed"
"m13l9","A2","sećam se","Sećam se","Помню / вспоминаю","review_candidate","unreviewed"
"m13l9","A2","osećam se","Osećam se","Чувствую себя","review_candidate","unreviewed"
"m13l9","A2","juče","Juče","Вчера","review_candidate","unreviewed"
"m13l9","A2","sutra","Sutra","Завтра","review_candidate","unreviewed"
"m13l9","A2","prekjuče","Prekjuče","Позавчера","review_candidate","unreviewed"
"m13l9","A2","prošle nedelje","Prošle nedelje","На прошлой неделе","review_candidate","unreviewed"
"m13l9","A2","sledeće nedelje","Sledeće nedelje","На следующей неделе","review_candidate","unreviewed"
"m13l9","A2","radio sam","Radio sam","Я работал (м.)","review_candidate","unreviewed"
"m13l9","A2","radila sam","Radila sam","Я работала (ж.)","review_candidate","unreviewed"
"m13l9","A2","bio sam","Bio sam","Я был (м.)","review_candidate","unreviewed"
"m13l9","A2","bila sam","Bila sam","Я была (ж.)","review_candidate","unreviewed"
"m14l1","A2","dođi","Dođi","Приходи (на ты)","new_candidate","unreviewed"
"m14l1","A2","dođite","Dođite","Приходите (на вы)","new_candidate","unreviewed"
"m14l1","A2","sačekaj","Sačekaj","Подожди (на ты)","new_candidate","unreviewed"
"m14l1","A2","sačekajte","Sačekajte","Подождите (на вы)","new_candidate","unreviewed"
"m14l1","A2","pomozite","Pomozite","Помогите (на вы)","new_candidate","unreviewed"
"m14l1","A2","bolje","Bolje","Лучше","new_candidate","unreviewed"
"m14l1","A2","gore","Gore","Хуже","new_candidate","unreviewed"
"m14l1","A2","više","Više","Больше","new_candidate","unreviewed"
"m14l1","A2","manje","Manje","Меньше","new_candidate","unreviewed"
"m14l1","A2","lepši","Lepši","Красивее","new_candidate","unreviewed"
"m14l1","A2","pomoć","Pomoć","Помощь","review_candidate","unreviewed"
"m14l2","A2","veći","Veći","Больше (по размеру)","new_candidate","unreviewed"
"m14l2","A2","najbolji","Najbolji","Лучший","new_candidate","unreviewed"
"m14l2","A2","nego","Nego","Чем (при сравнении)","new_candidate","unreviewed"
"m14l2","A2","sačekajte","Sačekajte","Подождите (на вы)","review_candidate","unreviewed"
"m14l2","A2","pomozite","Pomozite","Помогите (на вы)","review_candidate","unreviewed"
"m14l2","A2","pomoć","Pomoć","Помощь","review_candidate","unreviewed"
"m14l2","A2","bolje","Bolje","Лучше","review_candidate","unreviewed"
"m14l2","A2","gore","Gore","Хуже","review_candidate","unreviewed"
"m14l2","A2","više","Više","Больше","review_candidate","unreviewed"
"m14l2","A2","manje","Manje","Меньше","review_candidate","unreviewed"
"m14l2","A2","lepši","Lepši","Красивее","review_candidate","unreviewed"
"m14l3","A2","dolazim","Dolazim","Прихожу / приезжаю","new_candidate","unreviewed"
"m14l3","A2","odlazim","Odlazim","Ухожу / уезжаю","new_candidate","unreviewed"
"m14l3","A2","bolje","Bolje","Лучше","review_candidate","unreviewed"
"m14l3","A2","gore","Gore","Хуже","review_candidate","unreviewed"
"m14l3","A2","više","Više","Больше","review_candidate","unreviewed"
"m14l3","A2","manje","Manje","Меньше","review_candidate","unreviewed"
"m14l3","A2","lepši","Lepši","Красивее","review_candidate","unreviewed"
"m14l3","A2","veći","Veći","Больше (по размеру)","review_candidate","unreviewed"
"m14l3","A2","najbolji","Najbolji","Лучший","review_candidate","unreviewed"
"m14l3","A2","nego","Nego","Чем (при сравнении)","review_candidate","unreviewed"
"m14l3","A2","idem","Idem","Иду / еду","review_candidate","unreviewed"
"m14l4","A2","vraćam se","Vraćam se","Возвращаюсь","new_candidate","unreviewed"
"m14l4","A2","skrenite","Skrenite","Поверните","new_candidate","unreviewed"
"m14l4","A2","pređite","Pređite","Перейдите","new_candidate","unreviewed"
"m14l4","A2","manje","Manje","Меньше","review_candidate","unreviewed"
"m14l4","A2","lepši","Lepši","Красивее","review_candidate","unreviewed"
"m14l4","A2","veći","Veći","Больше (по размеру)","review_candidate","unreviewed"
"m14l4","A2","najbolji","Najbolji","Лучший","review_candidate","unreviewed"
"m14l4","A2","nego","Nego","Чем (при сравнении)","review_candidate","unreviewed"
"m14l4","A2","idem","Idem","Иду / еду","review_candidate","unreviewed"
"m14l4","A2","dolazim","Dolazim","Прихожу / приезжаю","review_candidate","unreviewed"
"m14l4","A2","odlazim","Odlazim","Ухожу / уезжаю","review_candidate","unreviewed"
"m14l5","A2","nastavite","Nastavite","Продолжайте","new_candidate","unreviewed"
"m14l5","A2","najbolji","Najbolji","Лучший","review_candidate","unreviewed"
"m14l5","A2","nego","Nego","Чем (при сравнении)","review_candidate","unreviewed"
"m14l5","A2","idem","Idem","Иду / еду","review_candidate","unreviewed"
"m14l5","A2","dolazim","Dolazim","Прихожу / приезжаю","review_candidate","unreviewed"
"m14l5","A2","odlazim","Odlazim","Ухожу / уезжаю","review_candidate","unreviewed"
"m14l5","A2","vraćam se","Vraćam se","Возвращаюсь","review_candidate","unreviewed"
"m14l5","A2","skrenite","Skrenite","Поверните","review_candidate","unreviewed"
"m14l5","A2","pređite","Pređite","Перейдите","review_candidate","unreviewed"
"m14l5","A2","raskrsnica","Raskrsnica","Перекрёсток","review_candidate","unreviewed"
"m14l5","A2","semafor","Semafor","Светофор","review_candidate","unreviewed"
"m14l6","A2","pešački prelaz","Pešački prelaz","Пешеходный переход","new_candidate","unreviewed"
"m14l6","A2","polako","Polako","Медленно / потихоньку","new_candidate","unreviewed"
"m14l6","A2","zajedno","Zajedno","Вместе","new_candidate","unreviewed"
"m14l6","A2","dolazim","Dolazim","Прихожу / приезжаю","review_candidate","unreviewed"
"m14l6","A2","odlazim","Odlazim","Ухожу / уезжаю","review_candidate","unreviewed"
"m14l6","A2","vraćam se","Vraćam se","Возвращаюсь","review_candidate","unreviewed"
"m14l6","A2","skrenite","Skrenite","Поверните","review_candidate","unreviewed"
"m14l6","A2","pređite","Pređite","Перейдите","review_candidate","unreviewed"
"m14l6","A2","nastavite","Nastavite","Продолжайте","review_candidate","unreviewed"
"m14l6","A2","raskrsnica","Raskrsnica","Перекрёсток","review_candidate","unreviewed"
"m14l6","A2","semafor","Semafor","Светофор","review_candidate","unreviewed"
"m14l7","A2","razumeo sam","Razumeo sam","Я понял (м.)","new_candidate","unreviewed"
"m14l7","A2","skrenite","Skrenite","Поверните","review_candidate","unreviewed"
"m14l7","A2","pređite","Pređite","Перейдите","review_candidate","unreviewed"
"m14l7","A2","nastavite","Nastavite","Продолжайте","review_candidate","unreviewed"
"m14l7","A2","raskrsnica","Raskrsnica","Перекрёсток","review_candidate","unreviewed"
"m14l7","A2","semafor","Semafor","Светофор","review_candidate","unreviewed"
"m14l7","A2","pešački prelaz","Pešački prelaz","Пешеходный переход","review_candidate","unreviewed"
"m14l7","A2","polako","Polako","Медленно / потихоньку","review_candidate","unreviewed"
"m14l7","A2","zajedno","Zajedno","Вместе","review_candidate","unreviewed"
"m14l7","A2","dođi","Dođi","Приходи (на ты)","review_candidate","unreviewed"
"m14l7","A2","dođite","Dođite","Приходите (на вы)","review_candidate","unreviewed"
"m14l8","A2","raskrsnica","Raskrsnica","Перекрёсток","review_candidate","unreviewed"
"m14l8","A2","semafor","Semafor","Светофор","review_candidate","unreviewed"
"m14l8","A2","pešački prelaz","Pešački prelaz","Пешеходный переход","review_candidate","unreviewed"
"m14l8","A2","polako","Polako","Медленно / потихоньку","review_candidate","unreviewed"
"m14l8","A2","zajedno","Zajedno","Вместе","review_candidate","unreviewed"
"m14l8","A2","razumeo sam","Razumeo sam","Я понял (м.)","review_candidate","unreviewed"
"m14l8","A2","dođi","Dođi","Приходи (на ты)","review_candidate","unreviewed"
"m14l8","A2","dođite","Dođite","Приходите (на вы)","review_candidate","unreviewed"
"m14l8","A2","sačekaj","Sačekaj","Подожди (на ты)","review_candidate","unreviewed"
"m14l8","A2","sačekajte","Sačekajte","Подождите (на вы)","review_candidate","unreviewed"
"m14l8","A2","pomozite","Pomozite","Помогите (на вы)","review_candidate","unreviewed"
"m14l9","A2","polako","Polako","Медленно / потихоньку","review_candidate","unreviewed"
"m14l9","A2","zajedno","Zajedno","Вместе","review_candidate","unreviewed"
"m14l9","A2","razumeo sam","Razumeo sam","Я понял (м.)","review_candidate","unreviewed"
"m14l9","A2","dođi","Dođi","Приходи (на ты)","review_candidate","unreviewed"
"m14l9","A2","dođite","Dođite","Приходите (на вы)","review_candidate","unreviewed"
"m14l9","A2","sačekaj","Sačekaj","Подожди (на ты)","review_candidate","unreviewed"
"m14l9","A2","sačekajte","Sačekajte","Подождите (на вы)","review_candidate","unreviewed"
"m14l9","A2","pomozite","Pomozite","Помогите (на вы)","review_candidate","unreviewed"
"m14l9","A2","pomoć","Pomoć","Помощь","review_candidate","unreviewed"
"m14l9","A2","bolje","Bolje","Лучше","review_candidate","unreviewed"
"m14l9","A2","gore","Gore","Хуже","review_candidate","unreviewed"
"m15l1","A2","učitelj","Učitelj","Учитель","new_candidate","unreviewed"
"m15l1","A2","roditeljski sastanak","Roditeljski sastanak","Родительское собрание","new_candidate","unreviewed"
"m15l1","A2","domaći zadatak","Domaći zadatak","Домашнее задание","new_candidate","unreviewed"
"m15l1","A2","saglasnost","Saglasnost","Согласие","new_candidate","unreviewed"
"m15l1","A2","izlet","Izlet","Экскурсия","new_candidate","unreviewed"
"m15l1","A2","ocena","Ocena","Оценка","new_candidate","unreviewed"
"m15l1","A2","raspored","Raspored","Расписание","new_candidate","unreviewed"
"m15l1","A2","kašalj","Kašalj","Кашель","new_candidate","unreviewed"
"m15l1","A2","učiteljica","Učiteljica","Учительница","review_candidate","unreviewed"
"m15l1","A2","pedijatar","Pedijatar","Педиатр","review_candidate","unreviewed"
"m15l1","A2","temperatura","Temperatura","Температура","review_candidate","unreviewed"
"m15l2","A2","zdravstveni list","Zdravstveni list","Медицинский лист","new_candidate","unreviewed"
"m15l2","A2","datum rođenja","Datum rođenja","Дата рождения","new_candidate","unreviewed"
"m15l2","A2","ime i prezime","Ime i prezime","Имя и фамилия","new_candidate","unreviewed"
"m15l2","A2","domaći zadatak","Domaći zadatak","Домашнее задание","review_candidate","unreviewed"
"m15l2","A2","saglasnost","Saglasnost","Согласие","review_candidate","unreviewed"
"m15l2","A2","izlet","Izlet","Экскурсия","review_candidate","unreviewed"
"m15l2","A2","ocena","Ocena","Оценка","review_candidate","unreviewed"
"m15l2","A2","raspored","Raspored","Расписание","review_candidate","unreviewed"
"m15l2","A2","pedijatar","Pedijatar","Педиатр","review_candidate","unreviewed"
"m15l2","A2","kašalj","Kašalj","Кашель","review_candidate","unreviewed"
"m15l2","A2","temperatura","Temperatura","Температура","review_candidate","unreviewed"
"m15l3","A2","adresa","Adresa","Адрес","new_candidate","unreviewed"
"m15l3","A2","kontakt telefon","Kontakt telefon","Контактный телефон","new_candidate","unreviewed"
"m15l3","A2","stanodavac","Stanodavac","Арендодатель","new_candidate","unreviewed"
"m15l3","A2","ocena","Ocena","Оценка","review_candidate","unreviewed"
"m15l3","A2","raspored","Raspored","Расписание","review_candidate","unreviewed"
"m15l3","A2","pedijatar","Pedijatar","Педиатр","review_candidate","unreviewed"
"m15l3","A2","kašalj","Kašalj","Кашель","review_candidate","unreviewed"
"m15l3","A2","temperatura","Temperatura","Температура","review_candidate","unreviewed"
"m15l3","A2","zdravstveni list","Zdravstveni list","Медицинский лист","review_candidate","unreviewed"
"m15l3","A2","datum rođenja","Datum rođenja","Дата рождения","review_candidate","unreviewed"
"m15l3","A2","ime i prezime","Ime i prezime","Имя и фамилия","review_candidate","unreviewed"
"m15l4","A2","depozit","Depozit","Залог / депозит","new_candidate","unreviewed"
"m15l4","A2","ugovor","Ugovor","Договор","new_candidate","unreviewed"
"m15l4","A2","kašalj","Kašalj","Кашель","review_candidate","unreviewed"
"m15l4","A2","temperatura","Temperatura","Температура","review_candidate","unreviewed"
"m15l4","A2","zdravstveni list","Zdravstveni list","Медицинский лист","review_candidate","unreviewed"
"m15l4","A2","datum rođenja","Datum rođenja","Дата рождения","review_candidate","unreviewed"
"m15l4","A2","ime i prezime","Ime i prezime","Имя и фамилия","review_candidate","unreviewed"
"m15l4","A2","adresa","Adresa","Адрес","review_candidate","unreviewed"
"m15l4","A2","kontakt telefon","Kontakt telefon","Контактный телефон","review_candidate","unreviewed"
"m15l4","A2","stanodavac","Stanodavac","Арендодатель","review_candidate","unreviewed"
"m15l4","A2","kirija","Kirija","Арендная плата","review_candidate","unreviewed"
"m15l5","A2","struja","Struja","Электричество","new_candidate","unreviewed"
"m15l5","A2","grejanje","Grejanje","Отопление","new_candidate","unreviewed"
"m15l5","A2","komunalije","Komunalije","Коммунальные услуги","new_candidate","unreviewed"
"m15l5","A2","datum rođenja","Datum rođenja","Дата рождения","review_candidate","unreviewed"
"m15l5","A2","ime i prezime","Ime i prezime","Имя и фамилия","review_candidate","unreviewed"
"m15l5","A2","adresa","Adresa","Адрес","review_candidate","unreviewed"
"m15l5","A2","kontakt telefon","Kontakt telefon","Контактный телефон","review_candidate","unreviewed"
"m15l5","A2","stanodavac","Stanodavac","Арендодатель","review_candidate","unreviewed"
"m15l5","A2","kirija","Kirija","Арендная плата","review_candidate","unreviewed"
"m15l5","A2","depozit","Depozit","Залог / депозит","review_candidate","unreviewed"
"m15l5","A2","ugovor","Ugovor","Договор","review_candidate","unreviewed"
"m15l6","A2","internet ne radi","Internet ne radi","Интернет не работает","new_candidate","unreviewed"
"m15l6","A2","rok","Rok","Срок","new_candidate","unreviewed"
"m15l6","A2","kontakt telefon","Kontakt telefon","Контактный телефон","review_candidate","unreviewed"
"m15l6","A2","stanodavac","Stanodavac","Арендодатель","review_candidate","unreviewed"
"m15l6","A2","kirija","Kirija","Арендная плата","review_candidate","unreviewed"
"m15l6","A2","depozit","Depozit","Залог / депозит","review_candidate","unreviewed"
"m15l6","A2","ugovor","Ugovor","Договор","review_candidate","unreviewed"
"m15l6","A2","struja","Struja","Электричество","review_candidate","unreviewed"
"m15l6","A2","grejanje","Grejanje","Отопление","review_candidate","unreviewed"
"m15l6","A2","komunalije","Komunalije","Коммунальные услуги","review_candidate","unreviewed"
"m15l6","A2","račun","Račun","Счёт","review_candidate","unreviewed"
"m15l7","A2","paket","Paket","Тариф / пакет услуг","new_candidate","unreviewed"
"m15l7","A2","depozit","Depozit","Залог / депозит","review_candidate","unreviewed"
"m15l7","A2","ugovor","Ugovor","Договор","review_candidate","unreviewed"
"m15l7","A2","struja","Struja","Электричество","review_candidate","unreviewed"
"m15l7","A2","grejanje","Grejanje","Отопление","review_candidate","unreviewed"
"m15l7","A2","komunalije","Komunalije","Коммунальные услуги","review_candidate","unreviewed"
"m15l7","A2","internet ne radi","Internet ne radi","Интернет не работает","review_candidate","unreviewed"
"m15l7","A2","račun","Račun","Счёт","review_candidate","unreviewed"
"m15l7","A2","rok","Rok","Срок","review_candidate","unreviewed"
"m15l7","A2","učitelj","Učitelj","Учитель","review_candidate","unreviewed"
"m15l7","A2","učiteljica","Učiteljica","Учительница","review_candidate","unreviewed"
"m15l8","A2","grejanje","Grejanje","Отопление","review_candidate","unreviewed"
"m15l8","A2","komunalije","Komunalije","Коммунальные услуги","review_candidate","unreviewed"
"m15l8","A2","internet ne radi","Internet ne radi","Интернет не работает","review_candidate","unreviewed"
"m15l8","A2","račun","Račun","Счёт","review_candidate","unreviewed"
"m15l8","A2","rok","Rok","Срок","review_candidate","unreviewed"
"m15l8","A2","paket","Paket","Тариф / пакет услуг","review_candidate","unreviewed"
"m15l8","A2","učitelj","Učitelj","Учитель","review_candidate","unreviewed"
"m15l8","A2","učiteljica","Učiteljica","Учительница","review_candidate","unreviewed"
"m15l8","A2","roditeljski sastanak","Roditeljski sastanak","Родительское собрание","review_candidate","unreviewed"
"m15l8","A2","domaći zadatak","Domaći zadatak","Домашнее задание","review_candidate","unreviewed"
"m15l8","A2","saglasnost","Saglasnost","Согласие","review_candidate","unreviewed"
"m15l9","A2","račun","Račun","Счёт","review_candidate","unreviewed"
"m15l9","A2","rok","Rok","Срок","review_candidate","unreviewed"
"m15l9","A2","paket","Paket","Тариф / пакет услуг","review_candidate","unreviewed"
"m15l9","A2","učitelj","Učitelj","Учитель","review_candidate","unreviewed"
"m15l9","A2","učiteljica","Učiteljica","Учительница","review_candidate","unreviewed"
"m15l9","A2","roditeljski sastanak","Roditeljski sastanak","Родительское собрание","review_candidate","unreviewed"
"m15l9","A2","domaći zadatak","Domaći zadatak","Домашнее задание","review_candidate","unreviewed"
"m15l9","A2","saglasnost","Saglasnost","Согласие","review_candidate","unreviewed"
"m15l9","A2","izlet","Izlet","Экскурсия","review_candidate","unreviewed"
"m15l9","A2","ocena","Ocena","Оценка","review_candidate","unreviewed"
"m15l9","A2","raspored","Raspored","Расписание","review_candidate","unreviewed"
"m16l1","A2","banka","Banka","Банк","new_candidate","unreviewed"
"m16l1","A2","bankomat","Bankomat","Банкомат","new_candidate","unreviewed"
"m16l1","A2","uplata","Uplata","Внесение денег / платёж","new_candidate","unreviewed"
"m16l1","A2","isplata","Isplata","Выплата / снятие","new_candidate","unreviewed"
"m16l1","A2","naknada","Naknada","Комиссия / вознаграждение","new_candidate","unreviewed"
"m16l1","A2","pošta","Pošta","Почта","new_candidate","unreviewed"
"m16l1","A2","pošiljka","Pošiljka","Отправление / посылка","new_candidate","unreviewed"
"m16l1","A2","račun","Račun","Счёт","review_candidate","unreviewed"
"m16l1","A2","kartica","Kartica","Карта","review_candidate","unreviewed"
"m16l1","A2","gotovina","Gotovina","Наличные","review_candidate","unreviewed"
"m16l1","A2","paket","Paket","Посылка / пакет","review_candidate","unreviewed"
"m16l2","A2","šalter","Šalter","Окно обслуживания","new_candidate","unreviewed"
"m16l2","A2","zahtev","Zahtev","Заявление / запрос","new_candidate","unreviewed"
"m16l2","A2","obrazac","Obrazac","Бланк / форма","new_candidate","unreviewed"
"m16l2","A2","uplata","Uplata","Внесение денег / платёж","review_candidate","unreviewed"
"m16l2","A2","isplata","Isplata","Выплата / снятие","review_candidate","unreviewed"
"m16l2","A2","naknada","Naknada","Комиссия / вознаграждение","review_candidate","unreviewed"
"m16l2","A2","kartica","Kartica","Карта","review_candidate","unreviewed"
"m16l2","A2","gotovina","Gotovina","Наличные","review_candidate","unreviewed"
"m16l2","A2","pošta","Pošta","Почта","review_candidate","unreviewed"
"m16l2","A2","pošiljka","Pošiljka","Отправление / посылка","review_candidate","unreviewed"
"m16l2","A2","paket","Paket","Посылка / пакет","review_candidate","unreviewed"
"m16l3","A2","dokumenta","Dokumenta","Документы","new_candidate","unreviewed"
"m16l3","A2","potvrda","Potvrda","Подтверждение / справка","new_candidate","unreviewed"
"m16l3","A2","prijava","Prijava","Регистрация / заявление","new_candidate","unreviewed"
"m16l3","A2","kartica","Kartica","Карта","review_candidate","unreviewed"
"m16l3","A2","gotovina","Gotovina","Наличные","review_candidate","unreviewed"
"m16l3","A2","pošta","Pošta","Почта","review_candidate","unreviewed"
"m16l3","A2","pošiljka","Pošiljka","Отправление / посылка","review_candidate","unreviewed"
"m16l3","A2","paket","Paket","Посылка / пакет","review_candidate","unreviewed"
"m16l3","A2","šalter","Šalter","Окно обслуживания","review_candidate","unreviewed"
"m16l3","A2","zahtev","Zahtev","Заявление / запрос","review_candidate","unreviewed"
"m16l3","A2","obrazac","Obrazac","Бланк / форма","review_candidate","unreviewed"
"m16l4","A2","boravak","Boravak","Пребывание","new_candidate","unreviewed"
"m16l4","A2","beli karton","Beli karton","Регистрация иностранца (разг.)","new_candidate","unreviewed"
"m16l4","A2","boravišna dozvola","Boravišna dozvola","Разрешение на проживание","new_candidate","unreviewed"
"m16l4","A2","pošiljka","Pošiljka","Отправление / посылка","review_candidate","unreviewed"
"m16l4","A2","paket","Paket","Посылка / пакет","review_candidate","unreviewed"
"m16l4","A2","šalter","Šalter","Окно обслуживания","review_candidate","unreviewed"
"m16l4","A2","zahtev","Zahtev","Заявление / запрос","review_candidate","unreviewed"
"m16l4","A2","obrazac","Obrazac","Бланк / форма","review_candidate","unreviewed"
"m16l4","A2","dokumenta","Dokumenta","Документы","review_candidate","unreviewed"
"m16l4","A2","potvrda","Potvrda","Подтверждение / справка","review_candidate","unreviewed"
"m16l4","A2","prijava","Prijava","Регистрация / заявление","review_candidate","unreviewed"
"m16l5","A2","pasoš","Pasoš","Паспорт","new_candidate","unreviewed"
"m16l5","A2","prevod","Prevod","Перевод","new_candidate","unreviewed"
"m16l5","A2","overa","Overa","Заверение","new_candidate","unreviewed"
"m16l5","A2","zahtev","Zahtev","Заявление / запрос","review_candidate","unreviewed"
"m16l5","A2","obrazac","Obrazac","Бланк / форма","review_candidate","unreviewed"
"m16l5","A2","dokumenta","Dokumenta","Документы","review_candidate","unreviewed"
"m16l5","A2","potvrda","Potvrda","Подтверждение / справка","review_candidate","unreviewed"
"m16l5","A2","prijava","Prijava","Регистрация / заявление","review_candidate","unreviewed"
"m16l5","A2","boravak","Boravak","Пребывание","review_candidate","unreviewed"
"m16l5","A2","beli karton","Beli karton","Регистрация иностранца (разг.)","review_candidate","unreviewed"
"m16l5","A2","boravišna dozvola","Boravišna dozvola","Разрешение на проживание","review_candidate","unreviewed"
"m16l6","A2","odgovor","Odgovor","Ответ","new_candidate","unreviewed"
"m16l6","A2","status","Status","Статус","new_candidate","unreviewed"
"m16l6","A2","potvrda","Potvrda","Подтверждение / справка","review_candidate","unreviewed"
"m16l6","A2","prijava","Prijava","Регистрация / заявление","review_candidate","unreviewed"
"m16l6","A2","boravak","Boravak","Пребывание","review_candidate","unreviewed"
"m16l6","A2","beli karton","Beli karton","Регистрация иностранца (разг.)","review_candidate","unreviewed"
"m16l6","A2","boravišna dozvola","Boravišna dozvola","Разрешение на проживание","review_candidate","unreviewed"
"m16l6","A2","pasoš","Pasoš","Паспорт","review_candidate","unreviewed"
"m16l6","A2","prevod","Prevod","Перевод","review_candidate","unreviewed"
"m16l6","A2","overa","Overa","Заверение","review_candidate","unreviewed"
"m16l6","A2","rok","Rok","Срок","review_candidate","unreviewed"
"m16l7","A2","nedostaje","Nedostaje","Не хватает / отсутствует","new_candidate","unreviewed"
"m16l7","A2","potrebno","Potrebno","Необходимо","new_candidate","unreviewed"
"m16l7","A2","beli karton","Beli karton","Регистрация иностранца (разг.)","review_candidate","unreviewed"
"m16l7","A2","boravišna dozvola","Boravišna dozvola","Разрешение на проживание","review_candidate","unreviewed"
"m16l7","A2","pasoš","Pasoš","Паспорт","review_candidate","unreviewed"
"m16l7","A2","prevod","Prevod","Перевод","review_candidate","unreviewed"
"m16l7","A2","overa","Overa","Заверение","review_candidate","unreviewed"
"m16l7","A2","rok","Rok","Срок","review_candidate","unreviewed"
"m16l7","A2","odgovor","Odgovor","Ответ","review_candidate","unreviewed"
"m16l7","A2","status","Status","Статус","review_candidate","unreviewed"
"m16l7","A2","banka","Banka","Банк","review_candidate","unreviewed"
"m16l8","A2","prevod","Prevod","Перевод","review_candidate","unreviewed"
"m16l8","A2","overa","Overa","Заверение","review_candidate","unreviewed"
"m16l8","A2","rok","Rok","Срок","review_candidate","unreviewed"
"m16l8","A2","odgovor","Odgovor","Ответ","review_candidate","unreviewed"
"m16l8","A2","status","Status","Статус","review_candidate","unreviewed"
"m16l8","A2","nedostaje","Nedostaje","Не хватает / отсутствует","review_candidate","unreviewed"
"m16l8","A2","potrebno","Potrebno","Необходимо","review_candidate","unreviewed"
"m16l8","A2","banka","Banka","Банк","review_candidate","unreviewed"
"m16l8","A2","račun","Račun","Счёт","review_candidate","unreviewed"
"m16l8","A2","bankomat","Bankomat","Банкомат","review_candidate","unreviewed"
"m16l8","A2","uplata","Uplata","Внесение денег / платёж","review_candidate","unreviewed"
"m16l9","A2","odgovor","Odgovor","Ответ","review_candidate","unreviewed"
"m16l9","A2","status","Status","Статус","review_candidate","unreviewed"
"m16l9","A2","nedostaje","Nedostaje","Не хватает / отсутствует","review_candidate","unreviewed"
"m16l9","A2","potrebno","Potrebno","Необходимо","review_candidate","unreviewed"
"m16l9","A2","banka","Banka","Банк","review_candidate","unreviewed"
"m16l9","A2","račun","Račun","Счёт","review_candidate","unreviewed"
"m16l9","A2","bankomat","Bankomat","Банкомат","review_candidate","unreviewed"
"m16l9","A2","uplata","Uplata","Внесение денег / платёж","review_candidate","unreviewed"
"m16l9","A2","isplata","Isplata","Выплата / снятие","review_candidate","unreviewed"
"m16l9","A2","naknada","Naknada","Комиссия / вознаграждение","review_candidate","unreviewed"
"m16l9","A2","kartica","Kartica","Карта","review_candidate","unreviewed"
"m17l1","A2","zovem","Zovem","Я звоню","new_candidate","unreviewed"
"m17l1","A2","u vezi sa","U vezi sa","По поводу / в связи с","new_candidate","unreviewed"
"m17l1","A2","čujemo se","Čujemo se","Созвонимся","new_candidate","unreviewed"
"m17l1","A2","veza","Veza","Связь","new_candidate","unreviewed"
"m17l1","A2","pomeriti","Pomeriti","Перенести","new_candidate","unreviewed"
"m17l1","A2","odložiti","Odložiti","Отложить","new_candidate","unreviewed"
"m17l1","A2","otkazati","Otkazati","Отменить","new_candidate","unreviewed"
"m17l1","A2","potvrditi","Potvrditi","Подтвердить","new_candidate","unreviewed"
"m17l1","A2","razgovaram","Razgovaram","Я разговариваю","review_candidate","unreviewed"
"m17l1","A2","poziv","Poziv","Звонок","review_candidate","unreviewed"
"m17l1","A2","termin","Termin","Время приёма / визита","review_candidate","unreviewed"
"m17l2","A2","majstor","Majstor","Мастер","new_candidate","unreviewed"
"m17l2","A2","kvar","Kvar","Неисправность","new_candidate","unreviewed"
"m17l2","A2","problem","Problem","Проблема","new_candidate","unreviewed"
"m17l2","A2","čujemo se","Čujemo se","Созвонимся","review_candidate","unreviewed"
"m17l2","A2","veza","Veza","Связь","review_candidate","unreviewed"
"m17l2","A2","poziv","Poziv","Звонок","review_candidate","unreviewed"
"m17l2","A2","termin","Termin","Время приёма / визита","review_candidate","unreviewed"
"m17l2","A2","pomeriti","Pomeriti","Перенести","review_candidate","unreviewed"
"m17l2","A2","odložiti","Odložiti","Отложить","review_candidate","unreviewed"
"m17l2","A2","otkazati","Otkazati","Отменить","review_candidate","unreviewed"
"m17l2","A2","potvrditi","Potvrditi","Подтвердить","review_candidate","unreviewed"
"m17l3","A2","slavina","Slavina","Кран (водопроводный)","new_candidate","unreviewed"
"m17l3","A2","curi","Curi","Протекает","new_candidate","unreviewed"
"m17l3","A2","termin","Termin","Время приёма / визита","review_candidate","unreviewed"
"m17l3","A2","pomeriti","Pomeriti","Перенести","review_candidate","unreviewed"
"m17l3","A2","odložiti","Odložiti","Отложить","review_candidate","unreviewed"
"m17l3","A2","otkazati","Otkazati","Отменить","review_candidate","unreviewed"
"m17l3","A2","potvrditi","Potvrditi","Подтвердить","review_candidate","unreviewed"
"m17l3","A2","majstor","Majstor","Мастер","review_candidate","unreviewed"
"m17l3","A2","kvar","Kvar","Неисправность","review_candidate","unreviewed"
"m17l3","A2","problem","Problem","Проблема","review_candidate","unreviewed"
"m17l3","A2","grejanje","Grejanje","Отопление","review_candidate","unreviewed"
"m17l4","A2","nestalo je","Nestalo je","Пропало / исчезло","new_candidate","unreviewed"
"m17l4","A2","prijaviti","Prijaviti","Сообщить / заявить","new_candidate","unreviewed"
"m17l4","A2","žalba","Žalba","Жалоба","new_candidate","unreviewed"
"m17l4","A2","otkazati","Otkazati","Отменить","review_candidate","unreviewed"
"m17l4","A2","potvrditi","Potvrditi","Подтвердить","review_candidate","unreviewed"
"m17l4","A2","majstor","Majstor","Мастер","review_candidate","unreviewed"
"m17l4","A2","kvar","Kvar","Неисправность","review_candidate","unreviewed"
"m17l4","A2","problem","Problem","Проблема","review_candidate","unreviewed"
"m17l4","A2","slavina","Slavina","Кран (водопроводный)","review_candidate","unreviewed"
"m17l4","A2","curi","Curi","Протекает","review_candidate","unreviewed"
"m17l4","A2","grejanje","Grejanje","Отопление","review_candidate","unreviewed"
"m17l5","A2","rešenje","Rešenje","Решение","new_candidate","unreviewed"
"m17l5","A2","zauzet","Zauzet","Занят","new_candidate","unreviewed"
"m17l5","A2","slobodan","Slobodan","Свободен","new_candidate","unreviewed"
"m17l5","A2","kvar","Kvar","Неисправность","review_candidate","unreviewed"
"m17l5","A2","problem","Problem","Проблема","review_candidate","unreviewed"
"m17l5","A2","slavina","Slavina","Кран (водопроводный)","review_candidate","unreviewed"
"m17l5","A2","curi","Curi","Протекает","review_candidate","unreviewed"
"m17l5","A2","grejanje","Grejanje","Отопление","review_candidate","unreviewed"
"m17l5","A2","nestalo je","Nestalo je","Пропало / исчезло","review_candidate","unreviewed"
"m17l5","A2","prijaviti","Prijaviti","Сообщить / заявить","review_candidate","unreviewed"
"m17l5","A2","žalba","Žalba","Жалоба","review_candidate","unreviewed"
"m17l6","A2","odgovara","Odgovara","Подходит / устраивает","new_candidate","unreviewed"
"m17l6","A2","dalje","Dalje","Дальше","new_candidate","unreviewed"
"m17l6","A2","još jednom","Još jednom","Ещё раз","new_candidate","unreviewed"
"m17l6","A2","curi","Curi","Протекает","review_candidate","unreviewed"
"m17l6","A2","grejanje","Grejanje","Отопление","review_candidate","unreviewed"
"m17l6","A2","nestalo je","Nestalo je","Пропало / исчезло","review_candidate","unreviewed"
"m17l6","A2","prijaviti","Prijaviti","Сообщить / заявить","review_candidate","unreviewed"
"m17l6","A2","žalba","Žalba","Жалоба","review_candidate","unreviewed"
"m17l6","A2","rešenje","Rešenje","Решение","review_candidate","unreviewed"
"m17l6","A2","zauzet","Zauzet","Занят","review_candidate","unreviewed"
"m17l6","A2","slobodan","Slobodan","Свободен","review_candidate","unreviewed"
"m17l7","A2","ponoviti","Ponoviti","Повторить","new_candidate","unreviewed"
"m17l7","A2","dogovor","Dogovor","Договорённость","new_candidate","unreviewed"
"m17l7","A2","prijaviti","Prijaviti","Сообщить / заявить","review_candidate","unreviewed"
"m17l7","A2","žalba","Žalba","Жалоба","review_candidate","unreviewed"
"m17l7","A2","rešenje","Rešenje","Решение","review_candidate","unreviewed"
"m17l7","A2","zauzet","Zauzet","Занят","review_candidate","unreviewed"
"m17l7","A2","slobodan","Slobodan","Свободен","review_candidate","unreviewed"
"m17l7","A2","odgovara","Odgovara","Подходит / устраивает","review_candidate","unreviewed"
"m17l7","A2","dalje","Dalje","Дальше","review_candidate","unreviewed"
"m17l7","A2","još jednom","Još jednom","Ещё раз","review_candidate","unreviewed"
"m17l7","A2","zovem","Zovem","Я звоню","review_candidate","unreviewed"
"m17l8","A2","zauzet","Zauzet","Занят","review_candidate","unreviewed"
"m17l8","A2","slobodan","Slobodan","Свободен","review_candidate","unreviewed"
"m17l8","A2","odgovara","Odgovara","Подходит / устраивает","review_candidate","unreviewed"
"m17l8","A2","dalje","Dalje","Дальше","review_candidate","unreviewed"
"m17l8","A2","još jednom","Još jednom","Ещё раз","review_candidate","unreviewed"
"m17l8","A2","ponoviti","Ponoviti","Повторить","review_candidate","unreviewed"
"m17l8","A2","dogovor","Dogovor","Договорённость","review_candidate","unreviewed"
"m17l8","A2","zovem","Zovem","Я звоню","review_candidate","unreviewed"
"m17l8","A2","u vezi sa","U vezi sa","По поводу / в связи с","review_candidate","unreviewed"
"m17l8","A2","razgovaram","Razgovaram","Я разговариваю","review_candidate","unreviewed"
"m17l8","A2","čujemo se","Čujemo se","Созвонимся","review_candidate","unreviewed"
"m17l9","A2","dalje","Dalje","Дальше","review_candidate","unreviewed"
"m17l9","A2","još jednom","Još jednom","Ещё раз","review_candidate","unreviewed"
"m17l9","A2","ponoviti","Ponoviti","Повторить","review_candidate","unreviewed"
"m17l9","A2","dogovor","Dogovor","Договорённость","review_candidate","unreviewed"
"m17l9","A2","zovem","Zovem","Я звоню","review_candidate","unreviewed"
"m17l9","A2","u vezi sa","U vezi sa","По поводу / в связи с","review_candidate","unreviewed"
"m17l9","A2","razgovaram","Razgovaram","Я разговариваю","review_candidate","unreviewed"
"m17l9","A2","čujemo se","Čujemo se","Созвонимся","review_candidate","unreviewed"
"m17l9","A2","veza","Veza","Связь","review_candidate","unreviewed"
"m17l9","A2","poziv","Poziv","Звонок","review_candidate","unreviewed"
"m17l9","A2","termin","Termin","Время приёма / визита","review_candidate","unreviewed"
"m18l1","B1","čitati","Čitati","Читать (процесс)","new_candidate","unreviewed"
"m18l1","B1","pročitati","Pročitati","Прочитать","new_candidate","unreviewed"
"m18l1","B1","pisati","Pisati","Писать (процесс)","new_candidate","unreviewed"
"m18l1","B1","napisati","Napisati","Написать","new_candidate","unreviewed"
"m18l1","B1","kupovati","Kupovati","Покупать (регулярно)","new_candidate","unreviewed"
"m18l1","B1","kupiti","Kupiti","Купить","new_candidate","unreviewed"
"m18l1","B1","raditi","Raditi","Делать / работать","new_candidate","unreviewed"
"m18l1","B1","uraditi","Uraditi","Сделать","new_candidate","unreviewed"
"m18l1","B1","dolaziti","Dolaziti","Приходить (регулярно)","new_candidate","unreviewed"
"m18l1","B1","doći","Doći","Прийти","new_candidate","unreviewed"
"m18l1","B1","odlaziti","Odlaziti","Уходить (регулярно)","new_candidate","unreviewed"
"m18l2","B1","otići","Otići","Уйти","new_candidate","unreviewed"
"m18l2","B1","gledati","Gledati","Смотреть","new_candidate","unreviewed"
"m18l2","B1","pogledati","Pogledati","Посмотреть","new_candidate","unreviewed"
"m18l2","B1","napisati","Napisati","Написать","review_candidate","unreviewed"
"m18l2","B1","kupovati","Kupovati","Покупать (регулярно)","review_candidate","unreviewed"
"m18l2","B1","kupiti","Kupiti","Купить","review_candidate","unreviewed"
"m18l2","B1","raditi","Raditi","Делать / работать","review_candidate","unreviewed"
"m18l2","B1","uraditi","Uraditi","Сделать","review_candidate","unreviewed"
"m18l2","B1","dolaziti","Dolaziti","Приходить (регулярно)","review_candidate","unreviewed"
"m18l2","B1","doći","Doći","Прийти","review_candidate","unreviewed"
"m18l2","B1","odlaziti","Odlaziti","Уходить (регулярно)","review_candidate","unreviewed"
"m18l3","B1","učiti","Učiti","Учить / изучать","new_candidate","unreviewed"
"m18l3","B1","naučiti","Naučiti","Выучить","new_candidate","unreviewed"
"m18l3","B1","rešavati","Rešavati","Решать (процесс)","new_candidate","unreviewed"
"m18l3","B1","raditi","Raditi","Делать / работать","review_candidate","unreviewed"
"m18l3","B1","uraditi","Uraditi","Сделать","review_candidate","unreviewed"
"m18l3","B1","dolaziti","Dolaziti","Приходить (регулярно)","review_candidate","unreviewed"
"m18l3","B1","doći","Doći","Прийти","review_candidate","unreviewed"
"m18l3","B1","odlaziti","Odlaziti","Уходить (регулярно)","review_candidate","unreviewed"
"m18l3","B1","otići","Otići","Уйти","review_candidate","unreviewed"
"m18l3","B1","gledati","Gledati","Смотреть","review_candidate","unreviewed"
"m18l3","B1","pogledati","Pogledati","Посмотреть","review_candidate","unreviewed"
"m18l4","B1","rešiti","Rešiti","Решить","new_candidate","unreviewed"
"m18l4","B1","završavati","Završavati","Заканчивать (процесс)","new_candidate","unreviewed"
"m18l4","B1","završiti","Završiti","Закончить","new_candidate","unreviewed"
"m18l4","B1","doći","Doći","Прийти","review_candidate","unreviewed"
"m18l4","B1","odlaziti","Odlaziti","Уходить (регулярно)","review_candidate","unreviewed"
"m18l4","B1","otići","Otići","Уйти","review_candidate","unreviewed"
"m18l4","B1","gledati","Gledati","Смотреть","review_candidate","unreviewed"
"m18l4","B1","pogledati","Pogledati","Посмотреть","review_candidate","unreviewed"
"m18l4","B1","učiti","Učiti","Учить / изучать","review_candidate","unreviewed"
"m18l4","B1","naučiti","Naučiti","Выучить","review_candidate","unreviewed"
"m18l4","B1","rešavati","Rešavati","Решать (процесс)","review_candidate","unreviewed"
"m18l5","B1","proces","Proces","Процесс","new_candidate","unreviewed"
"m18l5","B1","rezultat","Rezultat","Результат","new_candidate","unreviewed"
"m18l5","B1","redovno","Redovno","Регулярно","new_candidate","unreviewed"
"m18l5","B1","gledati","Gledati","Смотреть","review_candidate","unreviewed"
"m18l5","B1","pogledati","Pogledati","Посмотреть","review_candidate","unreviewed"
"m18l5","B1","učiti","Učiti","Учить / изучать","review_candidate","unreviewed"
"m18l5","B1","naučiti","Naučiti","Выучить","review_candidate","unreviewed"
"m18l5","B1","rešavati","Rešavati","Решать (процесс)","review_candidate","unreviewed"
"m18l5","B1","rešiti","Rešiti","Решить","review_candidate","unreviewed"
"m18l5","B1","završavati","Završavati","Заканчивать (процесс)","review_candidate","unreviewed"
"m18l5","B1","završiti","Završiti","Закончить","review_candidate","unreviewed"
"m18l6","B1","odjednom","Odjednom","Внезапно","new_candidate","unreviewed"
"m18l6","B1","već","Već","Уже","new_candidate","unreviewed"
"m18l6","B1","još","Još","Ещё","new_candidate","unreviewed"
"m18l6","B1","naučiti","Naučiti","Выучить","review_candidate","unreviewed"
"m18l6","B1","rešavati","Rešavati","Решать (процесс)","review_candidate","unreviewed"
"m18l6","B1","rešiti","Rešiti","Решить","review_candidate","unreviewed"
"m18l6","B1","završavati","Završavati","Заканчивать (процесс)","review_candidate","unreviewed"
"m18l6","B1","završiti","Završiti","Закончить","review_candidate","unreviewed"
"m18l6","B1","proces","Proces","Процесс","review_candidate","unreviewed"
"m18l6","B1","rezultat","Rezultat","Результат","review_candidate","unreviewed"
"m18l6","B1","redovno","Redovno","Регулярно","review_candidate","unreviewed"
"m18l7","B1","završavati","Završavati","Заканчивать (процесс)","review_candidate","unreviewed"
"m18l7","B1","završiti","Završiti","Закончить","review_candidate","unreviewed"
"m18l7","B1","proces","Proces","Процесс","review_candidate","unreviewed"
"m18l7","B1","rezultat","Rezultat","Результат","review_candidate","unreviewed"
"m18l7","B1","redovno","Redovno","Регулярно","review_candidate","unreviewed"
"m18l7","B1","odjednom","Odjednom","Внезапно","review_candidate","unreviewed"
"m18l7","B1","već","Već","Уже","review_candidate","unreviewed"
"m18l7","B1","još","Još","Ещё","review_candidate","unreviewed"
"m18l7","B1","čitati","Čitati","Читать (процесс)","review_candidate","unreviewed"
"m18l7","B1","pročitati","Pročitati","Прочитать","review_candidate","unreviewed"
"m18l7","B1","pisati","Pisati","Писать (процесс)","review_candidate","unreviewed"
"m18l8","B1","rezultat","Rezultat","Результат","review_candidate","unreviewed"
"m18l8","B1","redovno","Redovno","Регулярно","review_candidate","unreviewed"
"m18l8","B1","odjednom","Odjednom","Внезапно","review_candidate","unreviewed"
"m18l8","B1","već","Već","Уже","review_candidate","unreviewed"
"m18l8","B1","još","Još","Ещё","review_candidate","unreviewed"
"m18l8","B1","čitati","Čitati","Читать (процесс)","review_candidate","unreviewed"
"m18l8","B1","pročitati","Pročitati","Прочитать","review_candidate","unreviewed"
"m18l8","B1","pisati","Pisati","Писать (процесс)","review_candidate","unreviewed"
"m18l8","B1","napisati","Napisati","Написать","review_candidate","unreviewed"
"m18l8","B1","kupovati","Kupovati","Покупать (регулярно)","review_candidate","unreviewed"
"m18l8","B1","kupiti","Kupiti","Купить","review_candidate","unreviewed"
"m18l9","B1","već","Već","Уже","review_candidate","unreviewed"
"m18l9","B1","još","Još","Ещё","review_candidate","unreviewed"
"m18l9","B1","čitati","Čitati","Читать (процесс)","review_candidate","unreviewed"
"m18l9","B1","pročitati","Pročitati","Прочитать","review_candidate","unreviewed"
"m18l9","B1","pisati","Pisati","Писать (процесс)","review_candidate","unreviewed"
"m18l9","B1","napisati","Napisati","Написать","review_candidate","unreviewed"
"m18l9","B1","kupovati","Kupovati","Покупать (регулярно)","review_candidate","unreviewed"
"m18l9","B1","kupiti","Kupiti","Купить","review_candidate","unreviewed"
"m18l9","B1","raditi","Raditi","Делать / работать","review_candidate","unreviewed"
"m18l9","B1","uraditi","Uraditi","Сделать","review_candidate","unreviewed"
"m18l9","B1","dolaziti","Dolaziti","Приходить (регулярно)","review_candidate","unreviewed"
"m18l10","B1","pročitati","Pročitati","Прочитать","review_candidate","unreviewed"
"m18l10","B1","pisati","Pisati","Писать (процесс)","review_candidate","unreviewed"
"m18l10","B1","napisati","Napisati","Написать","review_candidate","unreviewed"
"m18l10","B1","kupovati","Kupovati","Покупать (регулярно)","review_candidate","unreviewed"
"m18l10","B1","kupiti","Kupiti","Купить","review_candidate","unreviewed"
"m18l10","B1","raditi","Raditi","Делать / работать","review_candidate","unreviewed"
"m18l10","B1","uraditi","Uraditi","Сделать","review_candidate","unreviewed"
"m18l10","B1","dolaziti","Dolaziti","Приходить (регулярно)","review_candidate","unreviewed"
"m18l10","B1","doći","Doći","Прийти","review_candidate","unreviewed"
"m18l10","B1","odlaziti","Odlaziti","Уходить (регулярно)","review_candidate","unreviewed"
"m18l10","B1","otići","Otići","Уйти","review_candidate","unreviewed"
"m19l1","B1","zato što","Zato što","Потому что","new_candidate","unreviewed"
"m19l1","B1","jer","Jer","Потому что","new_candidate","unreviewed"
"m19l1","B1","zato","Zato","Поэтому","new_candidate","unreviewed"
"m19l1","B1","zbog toga","Zbog toga","По этой причине","new_candidate","unreviewed"
"m19l1","B1","ako","Ako","Если","new_candidate","unreviewed"
"m19l1","B1","iako","Iako","Хотя","new_candidate","unreviewed"
"m19l1","B1","mada","Mada","Хотя","new_candidate","unreviewed"
"m19l1","B1","dok","Dok","Пока / в то время как","new_candidate","unreviewed"
"m19l1","B1","čim","Čim","Как только","new_candidate","unreviewed"
"m19l1","B1","pre nego što","Pre nego što","Прежде чем","new_candidate","unreviewed"
"m19l1","B1","posle toga","Posle toga","После этого","new_candidate","unreviewed"
"m19l2","B1","koji","Koji","Который","new_candidate","unreviewed"
"m19l2","B1","koja","Koja","Которая","new_candidate","unreviewed"
"m19l2","B1","koje","Koje","Которое","new_candidate","unreviewed"
"m19l2","B1","zbog toga","Zbog toga","По этой причине","review_candidate","unreviewed"
"m19l2","B1","ako","Ako","Если","review_candidate","unreviewed"
"m19l2","B1","iako","Iako","Хотя","review_candidate","unreviewed"
"m19l2","B1","mada","Mada","Хотя","review_candidate","unreviewed"
"m19l2","B1","dok","Dok","Пока / в то время как","review_candidate","unreviewed"
"m19l2","B1","čim","Čim","Как только","review_candidate","unreviewed"
"m19l2","B1","pre nego što","Pre nego što","Прежде чем","review_candidate","unreviewed"
"m19l2","B1","posle toga","Posle toga","После этого","review_candidate","unreviewed"
"m19l3","B1","bih","Bih","Бы (я)","new_candidate","unreviewed"
"m19l3","B1","bismo","Bismo","Бы (мы)","new_candidate","unreviewed"
"m19l3","B1","mada","Mada","Хотя","review_candidate","unreviewed"
"m19l3","B1","dok","Dok","Пока / в то время как","review_candidate","unreviewed"
"m19l3","B1","čim","Čim","Как только","review_candidate","unreviewed"
"m19l3","B1","pre nego što","Pre nego što","Прежде чем","review_candidate","unreviewed"
"m19l3","B1","posle toga","Posle toga","После этого","review_candidate","unreviewed"
"m19l3","B1","koji","Koji","Который","review_candidate","unreviewed"
"m19l3","B1","koja","Koja","Которая","review_candidate","unreviewed"
"m19l3","B1","koje","Koje","Которое","review_candidate","unreviewed"
"m19l3","B1","mene","Mene","Меня","review_candidate","unreviewed"
"m19l4","B1","me","Me","Меня (краткая форма)","new_candidate","unreviewed"
"m19l4","B1","te","Te","Тебя (краткая форма)","new_candidate","unreviewed"
"m19l4","B1","pre nego što","Pre nego što","Прежде чем","review_candidate","unreviewed"
"m19l4","B1","posle toga","Posle toga","После этого","review_candidate","unreviewed"
"m19l4","B1","koji","Koji","Который","review_candidate","unreviewed"
"m19l4","B1","koja","Koja","Которая","review_candidate","unreviewed"
"m19l4","B1","koje","Koje","Которое","review_candidate","unreviewed"
"m19l4","B1","bih","Bih","Бы (я)","review_candidate","unreviewed"
"m19l4","B1","bismo","Bismo","Бы (мы)","review_candidate","unreviewed"
"m19l4","B1","mene","Mene","Меня","review_candidate","unreviewed"
"m19l4","B1","tebe","Tebe","Тебя","review_candidate","unreviewed"
"m19l5","B1","ga","Ga","Его (краткая форма)","new_candidate","unreviewed"
"m19l5","B1","mu","Mu","Ему (краткая форма)","new_candidate","unreviewed"
"m19l5","B1","joj","Joj","Ей (краткая форма)","new_candidate","unreviewed"
"m19l5","B1","koja","Koja","Которая","review_candidate","unreviewed"
"m19l5","B1","koje","Koje","Которое","review_candidate","unreviewed"
"m19l5","B1","bih","Bih","Бы (я)","review_candidate","unreviewed"
"m19l5","B1","bismo","Bismo","Бы (мы)","review_candidate","unreviewed"
"m19l5","B1","mene","Mene","Меня","review_candidate","unreviewed"
"m19l5","B1","me","Me","Меня (краткая форма)","review_candidate","unreviewed"
"m19l5","B1","tebe","Tebe","Тебя","review_candidate","unreviewed"
"m19l5","B1","te","Te","Тебя (краткая форма)","review_candidate","unreviewed"
"m19l6","B1","rekao je","Rekao je","Он сказал","new_candidate","unreviewed"
"m19l6","B1","znao sam","Znao sam","Я знал (м.)","new_candidate","unreviewed"
"m19l6","B1","ispostavilo se","Ispostavilo se","Оказалось","new_candidate","unreviewed"
"m19l6","B1","bismo","Bismo","Бы (мы)","review_candidate","unreviewed"
"m19l6","B1","mene","Mene","Меня","review_candidate","unreviewed"
"m19l6","B1","me","Me","Меня (краткая форма)","review_candidate","unreviewed"
"m19l6","B1","tebe","Tebe","Тебя","review_candidate","unreviewed"
"m19l6","B1","te","Te","Тебя (краткая форма)","review_candidate","unreviewed"
"m19l6","B1","ga","Ga","Его (краткая форма)","review_candidate","unreviewed"
"m19l6","B1","mu","Mu","Ему (краткая форма)","review_candidate","unreviewed"
"m19l6","B1","joj","Joj","Ей (краткая форма)","review_candidate","unreviewed"
"m19l7","B1","tebe","Tebe","Тебя","review_candidate","unreviewed"
"m19l7","B1","te","Te","Тебя (краткая форма)","review_candidate","unreviewed"
"m19l7","B1","ga","Ga","Его (краткая форма)","review_candidate","unreviewed"
"m19l7","B1","mu","Mu","Ему (краткая форма)","review_candidate","unreviewed"
"m19l7","B1","joj","Joj","Ей (краткая форма)","review_candidate","unreviewed"
"m19l7","B1","rekao je","Rekao je","Он сказал","review_candidate","unreviewed"
"m19l7","B1","znao sam","Znao sam","Я знал (м.)","review_candidate","unreviewed"
"m19l7","B1","ispostavilo se","Ispostavilo se","Оказалось","review_candidate","unreviewed"
"m19l7","B1","zato što","Zato što","Потому что","review_candidate","unreviewed"
"m19l7","B1","jer","Jer","Потому что","review_candidate","unreviewed"
"m19l7","B1","zato","Zato","Поэтому","review_candidate","unreviewed"
"m19l8","B1","mu","Mu","Ему (краткая форма)","review_candidate","unreviewed"
"m19l8","B1","joj","Joj","Ей (краткая форма)","review_candidate","unreviewed"
"m19l8","B1","rekao je","Rekao je","Он сказал","review_candidate","unreviewed"
"m19l8","B1","znao sam","Znao sam","Я знал (м.)","review_candidate","unreviewed"
"m19l8","B1","ispostavilo se","Ispostavilo se","Оказалось","review_candidate","unreviewed"
"m19l8","B1","zato što","Zato što","Потому что","review_candidate","unreviewed"
"m19l8","B1","jer","Jer","Потому что","review_candidate","unreviewed"
"m19l8","B1","zato","Zato","Поэтому","review_candidate","unreviewed"
"m19l8","B1","zbog toga","Zbog toga","По этой причине","review_candidate","unreviewed"
"m19l8","B1","ako","Ako","Если","review_candidate","unreviewed"
"m19l8","B1","iako","Iako","Хотя","review_candidate","unreviewed"
"m19l9","B1","znao sam","Znao sam","Я знал (м.)","review_candidate","unreviewed"
"m19l9","B1","ispostavilo se","Ispostavilo se","Оказалось","review_candidate","unreviewed"
"m19l9","B1","zato što","Zato što","Потому что","review_candidate","unreviewed"
"m19l9","B1","jer","Jer","Потому что","review_candidate","unreviewed"
"m19l9","B1","zato","Zato","Поэтому","review_candidate","unreviewed"
"m19l9","B1","zbog toga","Zbog toga","По этой причине","review_candidate","unreviewed"
"m19l9","B1","ako","Ako","Если","review_candidate","unreviewed"
"m19l9","B1","iako","Iako","Хотя","review_candidate","unreviewed"
"m19l9","B1","mada","Mada","Хотя","review_candidate","unreviewed"
"m19l9","B1","dok","Dok","Пока / в то время как","review_candidate","unreviewed"
"m19l9","B1","čim","Čim","Как только","review_candidate","unreviewed"
"m19l10","B1","jer","Jer","Потому что","review_candidate","unreviewed"
"m19l10","B1","zato","Zato","Поэтому","review_candidate","unreviewed"
"m19l10","B1","zbog toga","Zbog toga","По этой причине","review_candidate","unreviewed"
"m19l10","B1","ako","Ako","Если","review_candidate","unreviewed"
"m19l10","B1","iako","Iako","Хотя","review_candidate","unreviewed"
"m19l10","B1","mada","Mada","Хотя","review_candidate","unreviewed"
"m19l10","B1","dok","Dok","Пока / в то время как","review_candidate","unreviewed"
"m19l10","B1","čim","Čim","Как только","review_candidate","unreviewed"
"m19l10","B1","pre nego što","Pre nego što","Прежде чем","review_candidate","unreviewed"
"m19l10","B1","posle toga","Posle toga","После этого","review_candidate","unreviewed"
"m19l10","B1","koji","Koji","Который","review_candidate","unreviewed"
"m20l1","B1","baš","Baš","Именно / очень (разг.)","new_candidate","unreviewed"
"m20l1","B1","pa","Pa","Ну / а / так (частица)","new_candidate","unreviewed"
"m20l1","B1","eto","Eto","Вот / ну вот","new_candidate","unreviewed"
"m20l1","B1","važi","Važi","Договорились / ладно","new_candidate","unreviewed"
"m20l1","B1","naravno","Naravno","Конечно","new_candidate","unreviewed"
"m20l1","B1","nema problema","Nema problema","Без проблем","new_candidate","unreviewed"
"m20l1","B1","u redu","U redu","Хорошо / в порядке","new_candidate","unreviewed"
"m20l1","B1","sviđa mi se","Sviđa mi se","Мне нравится","new_candidate","unreviewed"
"m20l1","B1","dopada mi se","Dopada mi se","Мне нравится","new_candidate","unreviewed"
"m20l1","B1","trenutno","Trenutno","В данный момент","new_candidate","unreviewed"
"m20l1","B1","upravo","Upravo","Только что / именно","new_candidate","unreviewed"
"m20l2","B1","zapravo","Zapravo","На самом деле","new_candidate","unreviewed"
"m20l2","B1","u stvari","U stvari","Вообще-то / собственно","new_candidate","unreviewed"
"m20l2","B1","uglavnom","Uglavnom","В основном","new_candidate","unreviewed"
"m20l2","B1","važi","Važi","Договорились / ладно","review_candidate","unreviewed"
"m20l2","B1","naravno","Naravno","Конечно","review_candidate","unreviewed"
"m20l2","B1","nema problema","Nema problema","Без проблем","review_candidate","unreviewed"
"m20l2","B1","u redu","U redu","Хорошо / в порядке","review_candidate","unreviewed"
"m20l2","B1","sviđa mi se","Sviđa mi se","Мне нравится","review_candidate","unreviewed"
"m20l2","B1","dopada mi se","Dopada mi se","Мне нравится","review_candidate","unreviewed"
"m20l2","B1","trenutno","Trenutno","В данный момент","review_candidate","unreviewed"
"m20l2","B1","upravo","Upravo","Только что / именно","review_candidate","unreviewed"
"m20l3","B1","valjda","Valjda","Наверное / должно быть (разг.)","new_candidate","unreviewed"
"m20l3","B1","možda","Možda","Возможно","new_candidate","unreviewed"
"m20l3","B1","sigurno","Sigurno","Наверняка / точно","new_candidate","unreviewed"
"m20l3","B1","u redu","U redu","Хорошо / в порядке","review_candidate","unreviewed"
"m20l3","B1","sviđa mi se","Sviđa mi se","Мне нравится","review_candidate","unreviewed"
"m20l3","B1","dopada mi se","Dopada mi se","Мне нравится","review_candidate","unreviewed"
"m20l3","B1","trenutno","Trenutno","В данный момент","review_candidate","unreviewed"
"m20l3","B1","upravo","Upravo","Только что / именно","review_candidate","unreviewed"
"m20l3","B1","zapravo","Zapravo","На самом деле","review_candidate","unreviewed"
"m20l3","B1","u stvari","U stvari","Вообще-то / собственно","review_candidate","unreviewed"
"m20l3","B1","uglavnom","Uglavnom","В основном","review_candidate","unreviewed"
"m20l4","B1","otprilike","Otprilike","Приблизительно","new_candidate","unreviewed"
"m20l4","B1","ipak","Ipak","Всё же / однако","new_candidate","unreviewed"
"m20l4","B1","inače","Inače","Вообще / между прочим","new_candidate","unreviewed"
"m20l4","B1","trenutno","Trenutno","В данный момент","review_candidate","unreviewed"
"m20l4","B1","upravo","Upravo","Только что / именно","review_candidate","unreviewed"
"m20l4","B1","zapravo","Zapravo","На самом деле","review_candidate","unreviewed"
"m20l4","B1","u stvari","U stvari","Вообще-то / собственно","review_candidate","unreviewed"
"m20l4","B1","uglavnom","Uglavnom","В основном","review_candidate","unreviewed"
"m20l4","B1","valjda","Valjda","Наверное / должно быть (разг.)","review_candidate","unreviewed"
"m20l4","B1","možda","Možda","Возможно","review_candidate","unreviewed"
"m20l4","B1","sigurno","Sigurno","Наверняка / точно","review_candidate","unreviewed"
"m20l5","B1","iskreno","Iskreno","Искренне / честно","new_candidate","unreviewed"
"m20l5","B1","rado","Rado","Охотно","new_candidate","unreviewed"
"m20l5","B1","stvarno","Stvarno","Действительно","new_candidate","unreviewed"
"m20l5","B1","u stvari","U stvari","Вообще-то / собственно","review_candidate","unreviewed"
"m20l5","B1","uglavnom","Uglavnom","В основном","review_candidate","unreviewed"
"m20l5","B1","valjda","Valjda","Наверное / должно быть (разг.)","review_candidate","unreviewed"
"m20l5","B1","možda","Možda","Возможно","review_candidate","unreviewed"
"m20l5","B1","sigurno","Sigurno","Наверняка / точно","review_candidate","unreviewed"
"m20l5","B1","otprilike","Otprilike","Приблизительно","review_candidate","unreviewed"
"m20l5","B1","ipak","Ipak","Всё же / однако","review_candidate","unreviewed"
"m20l5","B1","inače","Inače","Вообще / между прочим","review_candidate","unreviewed"
"m20l6","B1","nikako","Nikako","Никак / ни в коем случае","new_candidate","unreviewed"
"m20l6","B1","nimalo","Nimalo","Нисколько","new_candidate","unreviewed"
"m20l6","B1","sasvim","Sasvim","Совсем / вполне","new_candidate","unreviewed"
"m20l6","B1","možda","Možda","Возможно","review_candidate","unreviewed"
"m20l6","B1","sigurno","Sigurno","Наверняка / точно","review_candidate","unreviewed"
"m20l6","B1","otprilike","Otprilike","Приблизительно","review_candidate","unreviewed"
"m20l6","B1","ipak","Ipak","Всё же / однако","review_candidate","unreviewed"
"m20l6","B1","inače","Inače","Вообще / между прочим","review_candidate","unreviewed"
"m20l6","B1","iskreno","Iskreno","Искренне / честно","review_candidate","unreviewed"
"m20l6","B1","rado","Rado","Охотно","review_candidate","unreviewed"
"m20l6","B1","stvarno","Stvarno","Действительно","review_candidate","unreviewed"
"m20l7","B1","pogotovo","Pogotovo","Особенно","new_candidate","unreviewed"
"m20l7","B1","ipak","Ipak","Всё же / однако","review_candidate","unreviewed"
"m20l7","B1","inače","Inače","Вообще / между прочим","review_candidate","unreviewed"
"m20l7","B1","iskreno","Iskreno","Искренне / честно","review_candidate","unreviewed"
"m20l7","B1","rado","Rado","Охотно","review_candidate","unreviewed"
"m20l7","B1","stvarno","Stvarno","Действительно","review_candidate","unreviewed"
"m20l7","B1","nikako","Nikako","Никак / ни в коем случае","review_candidate","unreviewed"
"m20l7","B1","nimalo","Nimalo","Нисколько","review_candidate","unreviewed"
"m20l7","B1","sasvim","Sasvim","Совсем / вполне","review_candidate","unreviewed"
"m20l7","B1","baš","Baš","Именно / очень (разг.)","review_candidate","unreviewed"
"m20l7","B1","pa","Pa","Ну / а / так (частица)","review_candidate","unreviewed"
"m20l8","B1","rado","Rado","Охотно","review_candidate","unreviewed"
"m20l8","B1","stvarno","Stvarno","Действительно","review_candidate","unreviewed"
"m20l8","B1","nikako","Nikako","Никак / ни в коем случае","review_candidate","unreviewed"
"m20l8","B1","nimalo","Nimalo","Нисколько","review_candidate","unreviewed"
"m20l8","B1","sasvim","Sasvim","Совсем / вполне","review_candidate","unreviewed"
"m20l8","B1","pogotovo","Pogotovo","Особенно","review_candidate","unreviewed"
"m20l8","B1","baš","Baš","Именно / очень (разг.)","review_candidate","unreviewed"
"m20l8","B1","pa","Pa","Ну / а / так (частица)","review_candidate","unreviewed"
"m20l8","B1","eto","Eto","Вот / ну вот","review_candidate","unreviewed"
"m20l8","B1","važi","Važi","Договорились / ладно","review_candidate","unreviewed"
"m20l8","B1","naravno","Naravno","Конечно","review_candidate","unreviewed"
"m20l9","B1","nimalo","Nimalo","Нисколько","review_candidate","unreviewed"
"m20l9","B1","sasvim","Sasvim","Совсем / вполне","review_candidate","unreviewed"
"m20l9","B1","pogotovo","Pogotovo","Особенно","review_candidate","unreviewed"
"m20l9","B1","baš","Baš","Именно / очень (разг.)","review_candidate","unreviewed"
"m20l9","B1","pa","Pa","Ну / а / так (частица)","review_candidate","unreviewed"
"m20l9","B1","eto","Eto","Вот / ну вот","review_candidate","unreviewed"
"m20l9","B1","važi","Važi","Договорились / ладно","review_candidate","unreviewed"
"m20l9","B1","naravno","Naravno","Конечно","review_candidate","unreviewed"
"m20l9","B1","nema problema","Nema problema","Без проблем","review_candidate","unreviewed"
"m20l9","B1","u redu","U redu","Хорошо / в порядке","review_candidate","unreviewed"
"m20l9","B1","sviđa mi se","Sviđa mi se","Мне нравится","review_candidate","unreviewed"
"m20l10","B1","baš","Baš","Именно / очень (разг.)","review_candidate","unreviewed"
"m20l10","B1","pa","Pa","Ну / а / так (частица)","review_candidate","unreviewed"
"m20l10","B1","eto","Eto","Вот / ну вот","review_candidate","unreviewed"
"m20l10","B1","važi","Važi","Договорились / ладно","review_candidate","unreviewed"
"m20l10","B1","naravno","Naravno","Конечно","review_candidate","unreviewed"
"m20l10","B1","nema problema","Nema problema","Без проблем","review_candidate","unreviewed"
"m20l10","B1","u redu","U redu","Хорошо / в порядке","review_candidate","unreviewed"
"m20l10","B1","sviđa mi se","Sviđa mi se","Мне нравится","review_candidate","unreviewed"
"m20l10","B1","dopada mi se","Dopada mi se","Мне нравится","review_candidate","unreviewed"
"m20l10","B1","trenutno","Trenutno","В данный момент","review_candidate","unreviewed"
"m20l10","B1","upravo","Upravo","Только что / именно","review_candidate","unreviewed"
"m21l1","B1","ranije","Ranije","Раньше","new_candidate","unreviewed"
"m21l1","B1","nekada","Nekada","Когда-то","new_candidate","unreviewed"
"m21l1","B1","pre nekoliko dana","Pre nekoliko dana","Несколько дней назад","new_candidate","unreviewed"
"m21l1","B1","prvo","Prvo","Сначала","new_candidate","unreviewed"
"m21l1","B1","kasnije","Kasnije","Позднее","new_candidate","unreviewed"
"m21l1","B1","na kraju","Na kraju","В конце","new_candidate","unreviewed"
"m21l1","B1","u međuvremenu","U međuvremenu","Тем временем","new_candidate","unreviewed"
"m21l1","B1","čekati","Čekati","Ждать","new_candidate","unreviewed"
"m21l1","B1","zatim","Zatim","Затем","review_candidate","unreviewed"
"m21l1","B1","odjednom","Odjednom","Вдруг","review_candidate","unreviewed"
"m21l1","B1","dok","Dok","Пока","review_candidate","unreviewed"
"m21l2","B1","stići","Stići","Прибыть","new_candidate","unreviewed"
"m21l2","B1","krenuti","Krenuti","Отправиться","new_candidate","unreviewed"
"m21l2","B1","vratiti se","Vratiti se","Вернуться","new_candidate","unreviewed"
"m21l2","B1","prvo","Prvo","Сначала","review_candidate","unreviewed"
"m21l2","B1","zatim","Zatim","Затем","review_candidate","unreviewed"
"m21l2","B1","kasnije","Kasnije","Позднее","review_candidate","unreviewed"
"m21l2","B1","na kraju","Na kraju","В конце","review_candidate","unreviewed"
"m21l2","B1","u međuvremenu","U međuvremenu","Тем временем","review_candidate","unreviewed"
"m21l2","B1","odjednom","Odjednom","Вдруг","review_candidate","unreviewed"
"m21l2","B1","dok","Dok","Пока","review_candidate","unreviewed"
"m21l2","B1","čekati","Čekati","Ждать","review_candidate","unreviewed"
"m21l3","B1","sećati se","Sećati se","Помнить","new_candidate","unreviewed"
"m21l3","B1","planirati","Planirati","Планировать","new_candidate","unreviewed"
"m21l3","B1","odlučiti","Odlučiti","Решить","new_candidate","unreviewed"
"m21l3","B1","na kraju","Na kraju","В конце","review_candidate","unreviewed"
"m21l3","B1","u međuvremenu","U međuvremenu","Тем временем","review_candidate","unreviewed"
"m21l3","B1","odjednom","Odjednom","Вдруг","review_candidate","unreviewed"
"m21l3","B1","dok","Dok","Пока","review_candidate","unreviewed"
"m21l3","B1","čekati","Čekati","Ждать","review_candidate","unreviewed"
"m21l3","B1","stići","Stići","Прибыть","review_candidate","unreviewed"
"m21l3","B1","krenuti","Krenuti","Отправиться","review_candidate","unreviewed"
"m21l3","B1","vratiti se","Vratiti se","Вернуться","review_candidate","unreviewed"
"m21l4","B1","dogovoriti se","Dogovoriti se","Договориться","new_candidate","unreviewed"
"m21l4","B1","promeniti","Promeniti","Изменить","new_candidate","unreviewed"
"m21l4","B1","nastaviti","Nastaviti","Продолжить","new_candidate","unreviewed"
"m21l4","B1","dok","Dok","Пока","review_candidate","unreviewed"
"m21l4","B1","čekati","Čekati","Ждать","review_candidate","unreviewed"
"m21l4","B1","stići","Stići","Прибыть","review_candidate","unreviewed"
"m21l4","B1","krenuti","Krenuti","Отправиться","review_candidate","unreviewed"
"m21l4","B1","vratiti se","Vratiti se","Вернуться","review_candidate","unreviewed"
"m21l4","B1","sećati se","Sećati se","Помнить","review_candidate","unreviewed"
"m21l4","B1","planirati","Planirati","Планировать","review_candidate","unreviewed"
"m21l4","B1","odlučiti","Odlučiti","Решить","review_candidate","unreviewed"
"m21l5","B1","ostati","Ostati","Остаться","new_candidate","unreviewed"
"m21l5","B1","doživeti","Doživeti","Пережить / испытать","new_candidate","unreviewed"
"m21l5","B1","dogoditi se","Dogoditi se","Случиться","new_candidate","unreviewed"
"m21l5","B1","krenuti","Krenuti","Отправиться","review_candidate","unreviewed"
"m21l5","B1","vratiti se","Vratiti se","Вернуться","review_candidate","unreviewed"
"m21l5","B1","sećati se","Sećati se","Помнить","review_candidate","unreviewed"
"m21l5","B1","planirati","Planirati","Планировать","review_candidate","unreviewed"
"m21l5","B1","odlučiti","Odlučiti","Решить","review_candidate","unreviewed"
"m21l5","B1","dogovoriti se","Dogovoriti se","Договориться","review_candidate","unreviewed"
"m21l5","B1","promeniti","Promeniti","Изменить","review_candidate","unreviewed"
"m21l5","B1","nastaviti","Nastaviti","Продолжить","review_candidate","unreviewed"
"m21l6","B1","iskustvo","Iskustvo","Опыт","new_candidate","unreviewed"
"m21l6","B1","odluka","Odluka","Решение","new_candidate","unreviewed"
"m21l6","B1","cilj","Cilj","Цель","new_candidate","unreviewed"
"m21l6","B1","planirati","Planirati","Планировать","review_candidate","unreviewed"
"m21l6","B1","odlučiti","Odlučiti","Решить","review_candidate","unreviewed"
"m21l6","B1","dogovoriti se","Dogovoriti se","Договориться","review_candidate","unreviewed"
"m21l6","B1","promeniti","Promeniti","Изменить","review_candidate","unreviewed"
"m21l6","B1","nastaviti","Nastaviti","Продолжить","review_candidate","unreviewed"
"m21l6","B1","ostati","Ostati","Остаться","review_candidate","unreviewed"
"m21l6","B1","doživeti","Doživeti","Пережить / испытать","review_candidate","unreviewed"
"m21l6","B1","dogoditi se","Dogoditi se","Случиться","review_candidate","unreviewed"
"m21l7","B1","promeniti","Promeniti","Изменить","review_candidate","unreviewed"
"m21l7","B1","nastaviti","Nastaviti","Продолжить","review_candidate","unreviewed"
"m21l7","B1","ostati","Ostati","Остаться","review_candidate","unreviewed"
"m21l7","B1","doživeti","Doživeti","Пережить / испытать","review_candidate","unreviewed"
"m21l7","B1","dogoditi se","Dogoditi se","Случиться","review_candidate","unreviewed"
"m21l7","B1","iskustvo","Iskustvo","Опыт","review_candidate","unreviewed"
"m21l7","B1","odluka","Odluka","Решение","review_candidate","unreviewed"
"m21l7","B1","cilj","Cilj","Цель","review_candidate","unreviewed"
"m21l7","B1","ranije","Ranije","Раньше","review_candidate","unreviewed"
"m21l7","B1","nekada","Nekada","Когда-то","review_candidate","unreviewed"
"m21l7","B1","pre nekoliko dana","Pre nekoliko dana","Несколько дней назад","review_candidate","unreviewed"
"m21l8","B1","doživeti","Doživeti","Пережить / испытать","review_candidate","unreviewed"
"m21l8","B1","dogoditi se","Dogoditi se","Случиться","review_candidate","unreviewed"
"m21l8","B1","iskustvo","Iskustvo","Опыт","review_candidate","unreviewed"
"m21l8","B1","odluka","Odluka","Решение","review_candidate","unreviewed"
"m21l8","B1","cilj","Cilj","Цель","review_candidate","unreviewed"
"m21l8","B1","ranije","Ranije","Раньше","review_candidate","unreviewed"
"m21l8","B1","nekada","Nekada","Когда-то","review_candidate","unreviewed"
"m21l8","B1","pre nekoliko dana","Pre nekoliko dana","Несколько дней назад","review_candidate","unreviewed"
"m21l8","B1","prvo","Prvo","Сначала","review_candidate","unreviewed"
"m21l8","B1","zatim","Zatim","Затем","review_candidate","unreviewed"
"m21l8","B1","kasnije","Kasnije","Позднее","review_candidate","unreviewed"
"m21l9","B1","odluka","Odluka","Решение","review_candidate","unreviewed"
"m21l9","B1","cilj","Cilj","Цель","review_candidate","unreviewed"
"m21l9","B1","ranije","Ranije","Раньше","review_candidate","unreviewed"
"m21l9","B1","nekada","Nekada","Когда-то","review_candidate","unreviewed"
"m21l9","B1","pre nekoliko dana","Pre nekoliko dana","Несколько дней назад","review_candidate","unreviewed"
"m21l9","B1","prvo","Prvo","Сначала","review_candidate","unreviewed"
"m21l9","B1","zatim","Zatim","Затем","review_candidate","unreviewed"
"m21l9","B1","kasnije","Kasnije","Позднее","review_candidate","unreviewed"
"m21l9","B1","na kraju","Na kraju","В конце","review_candidate","unreviewed"
"m21l9","B1","u međuvremenu","U međuvremenu","Тем временем","review_candidate","unreviewed"
"m21l9","B1","odjednom","Odjednom","Вдруг","review_candidate","unreviewed"
"m21l10","B1","nekada","Nekada","Когда-то","review_candidate","unreviewed"
"m21l10","B1","pre nekoliko dana","Pre nekoliko dana","Несколько дней назад","review_candidate","unreviewed"
"m21l10","B1","prvo","Prvo","Сначала","review_candidate","unreviewed"
"m21l10","B1","zatim","Zatim","Затем","review_candidate","unreviewed"
"m21l10","B1","kasnije","Kasnije","Позднее","review_candidate","unreviewed"
"m21l10","B1","na kraju","Na kraju","В конце","review_candidate","unreviewed"
"m21l10","B1","u međuvremenu","U međuvremenu","Тем временем","review_candidate","unreviewed"
"m21l10","B1","odjednom","Odjednom","Вдруг","review_candidate","unreviewed"
"m21l10","B1","dok","Dok","Пока","review_candidate","unreviewed"
"m21l10","B1","čekati","Čekati","Ждать","review_candidate","unreviewed"
"m21l10","B1","stići","Stići","Прибыть","review_candidate","unreviewed"
"m22l1","B1","poslodavac","Poslodavac","Работодатель","new_candidate","unreviewed"
"m22l1","B1","zaposleni","Zaposleni","Сотрудник","new_candidate","unreviewed"
"m22l1","B1","kolega","Kolega","Коллега","new_candidate","unreviewed"
"m22l1","B1","razgovor za posao","Razgovor za posao","Собеседование","new_candidate","unreviewed"
"m22l1","B1","radno vreme","Radno vreme","Рабочее время","new_candidate","unreviewed"
"m22l1","B1","smene","Smene","Смены","new_candidate","unreviewed"
"m22l1","B1","slobodan dan","Slobodan dan","Выходной","new_candidate","unreviewed"
"m22l1","B1","plata","Plata","Зарплата","new_candidate","unreviewed"
"m22l1","B1","neto plata","Neto plata","Зарплата после вычетов","new_candidate","unreviewed"
"m22l1","B1","posao","Posao","Работа","review_candidate","unreviewed"
"m22l1","B1","ugovor","Ugovor","Договор","review_candidate","unreviewed"
"m22l2","B1","veštine","Veštine","Навыки","new_candidate","unreviewed"
"m22l2","B1","odgovornost","Odgovornost","Ответственность","new_candidate","unreviewed"
"m22l2","B1","kolega","Kolega","Коллега","review_candidate","unreviewed"
"m22l2","B1","razgovor za posao","Razgovor za posao","Собеседование","review_candidate","unreviewed"
"m22l2","B1","radno vreme","Radno vreme","Рабочее время","review_candidate","unreviewed"
"m22l2","B1","smene","Smene","Смены","review_candidate","unreviewed"
"m22l2","B1","slobodan dan","Slobodan dan","Выходной","review_candidate","unreviewed"
"m22l2","B1","plata","Plata","Зарплата","review_candidate","unreviewed"
"m22l2","B1","neto plata","Neto plata","Зарплата после вычетов","review_candidate","unreviewed"
"m22l2","B1","ugovor","Ugovor","Договор","review_candidate","unreviewed"
"m22l2","B1","iskustvo","Iskustvo","Опыт","review_candidate","unreviewed"
"m22l3","B1","obaveze","Obaveze","Обязанности","new_candidate","unreviewed"
"m22l3","B1","zadatak","Zadatak","Задача","new_candidate","unreviewed"
"m22l3","B1","smene","Smene","Смены","review_candidate","unreviewed"
"m22l3","B1","slobodan dan","Slobodan dan","Выходной","review_candidate","unreviewed"
"m22l3","B1","plata","Plata","Зарплата","review_candidate","unreviewed"
"m22l3","B1","neto plata","Neto plata","Зарплата после вычетов","review_candidate","unreviewed"
"m22l3","B1","ugovor","Ugovor","Договор","review_candidate","unreviewed"
"m22l3","B1","iskustvo","Iskustvo","Опыт","review_candidate","unreviewed"
"m22l3","B1","veštine","Veštine","Навыки","review_candidate","unreviewed"
"m22l3","B1","odgovornost","Odgovornost","Ответственность","review_candidate","unreviewed"
"m22l3","B1","rok","Rok","Срок","review_candidate","unreviewed"
"m22l4","B1","prioritet","Prioritet","Приоритет","new_candidate","unreviewed"
"m22l4","B1","sastanak","Sastanak","Встреча","new_candidate","unreviewed"
"m22l4","B1","prilog","Prilog","Вложение","new_candidate","unreviewed"
"m22l4","B1","neto plata","Neto plata","Зарплата после вычетов","review_candidate","unreviewed"
"m22l4","B1","ugovor","Ugovor","Договор","review_candidate","unreviewed"
"m22l4","B1","iskustvo","Iskustvo","Опыт","review_candidate","unreviewed"
"m22l4","B1","veštine","Veštine","Навыки","review_candidate","unreviewed"
"m22l4","B1","odgovornost","Odgovornost","Ответственность","review_candidate","unreviewed"
"m22l4","B1","obaveze","Obaveze","Обязанности","review_candidate","unreviewed"
"m22l4","B1","zadatak","Zadatak","Задача","review_candidate","unreviewed"
"m22l4","B1","rok","Rok","Срок","review_candidate","unreviewed"
"m22l5","B1","biografija","Biografija","Резюме / биография","new_candidate","unreviewed"
"m22l5","B1","očekivanja","Očekivanja","Ожидания","new_candidate","unreviewed"
"m22l5","B1","veštine","Veštine","Навыки","review_candidate","unreviewed"
"m22l5","B1","odgovornost","Odgovornost","Ответственность","review_candidate","unreviewed"
"m22l5","B1","obaveze","Obaveze","Обязанности","review_candidate","unreviewed"
"m22l5","B1","zadatak","Zadatak","Задача","review_candidate","unreviewed"
"m22l5","B1","rok","Rok","Срок","review_candidate","unreviewed"
"m22l5","B1","prioritet","Prioritet","Приоритет","review_candidate","unreviewed"
"m22l5","B1","sastanak","Sastanak","Встреча","review_candidate","unreviewed"
"m22l5","B1","prilog","Prilog","Вложение","review_candidate","unreviewed"
"m22l5","B1","prijava","Prijava","Заявка / отклик","review_candidate","unreviewed"
"m22l6","B1","pojasniti","Pojasniti","Разъяснить","new_candidate","unreviewed"
"m22l6","B1","završeno","Završeno","Завершено","new_candidate","unreviewed"
"m22l6","B1","zadatak","Zadatak","Задача","review_candidate","unreviewed"
"m22l6","B1","rok","Rok","Срок","review_candidate","unreviewed"
"m22l6","B1","prioritet","Prioritet","Приоритет","review_candidate","unreviewed"
"m22l6","B1","sastanak","Sastanak","Встреча","review_candidate","unreviewed"
"m22l6","B1","prilog","Prilog","Вложение","review_candidate","unreviewed"
"m22l6","B1","biografija","Biografija","Резюме / биография","review_candidate","unreviewed"
"m22l6","B1","prijava","Prijava","Заявка / отклик","review_candidate","unreviewed"
"m22l6","B1","očekivanja","Očekivanja","Ожидания","review_candidate","unreviewed"
"m22l6","B1","dogovor","Dogovor","Договорённость","review_candidate","unreviewed"
"m22l7","B1","kasniti","Kasniti","Опаздывать / задерживаться","new_candidate","unreviewed"
"m22l7","B1","potpisati","Potpisati","Подписать","new_candidate","unreviewed"
"m22l7","B1","sastanak","Sastanak","Встреча","review_candidate","unreviewed"
"m22l7","B1","prilog","Prilog","Вложение","review_candidate","unreviewed"
"m22l7","B1","biografija","Biografija","Резюме / биография","review_candidate","unreviewed"
"m22l7","B1","prijava","Prijava","Заявка / отклик","review_candidate","unreviewed"
"m22l7","B1","očekivanja","Očekivanja","Ожидания","review_candidate","unreviewed"
"m22l7","B1","pojasniti","Pojasniti","Разъяснить","review_candidate","unreviewed"
"m22l7","B1","dogovor","Dogovor","Договорённость","review_candidate","unreviewed"
"m22l7","B1","završeno","Završeno","Завершено","review_candidate","unreviewed"
"m22l7","B1","posao","Posao","Работа","review_candidate","unreviewed"
"m22l8","B1","prijava","Prijava","Заявка / отклик","review_candidate","unreviewed"
"m22l8","B1","očekivanja","Očekivanja","Ожидания","review_candidate","unreviewed"
"m22l8","B1","pojasniti","Pojasniti","Разъяснить","review_candidate","unreviewed"
"m22l8","B1","dogovor","Dogovor","Договорённость","review_candidate","unreviewed"
"m22l8","B1","završeno","Završeno","Завершено","review_candidate","unreviewed"
"m22l8","B1","kasniti","Kasniti","Опаздывать / задерживаться","review_candidate","unreviewed"
"m22l8","B1","potpisati","Potpisati","Подписать","review_candidate","unreviewed"
"m22l8","B1","posao","Posao","Работа","review_candidate","unreviewed"
"m22l8","B1","poslodavac","Poslodavac","Работодатель","review_candidate","unreviewed"
"m22l8","B1","zaposleni","Zaposleni","Сотрудник","review_candidate","unreviewed"
"m22l8","B1","kolega","Kolega","Коллега","review_candidate","unreviewed"
"m22l9","B1","dogovor","Dogovor","Договорённость","review_candidate","unreviewed"
"m22l9","B1","završeno","Završeno","Завершено","review_candidate","unreviewed"
"m22l9","B1","kasniti","Kasniti","Опаздывать / задерживаться","review_candidate","unreviewed"
"m22l9","B1","potpisati","Potpisati","Подписать","review_candidate","unreviewed"
"m22l9","B1","posao","Posao","Работа","review_candidate","unreviewed"
"m22l9","B1","poslodavac","Poslodavac","Работодатель","review_candidate","unreviewed"
"m22l9","B1","zaposleni","Zaposleni","Сотрудник","review_candidate","unreviewed"
"m22l9","B1","kolega","Kolega","Коллега","review_candidate","unreviewed"
"m22l9","B1","razgovor za posao","Razgovor za posao","Собеседование","review_candidate","unreviewed"
"m22l9","B1","radno vreme","Radno vreme","Рабочее время","review_candidate","unreviewed"
"m22l9","B1","smene","Smene","Смены","review_candidate","unreviewed"
"m22l10","B1","potpisati","Potpisati","Подписать","review_candidate","unreviewed"
"m22l10","B1","posao","Posao","Работа","review_candidate","unreviewed"
"m22l10","B1","poslodavac","Poslodavac","Работодатель","review_candidate","unreviewed"
"m22l10","B1","zaposleni","Zaposleni","Сотрудник","review_candidate","unreviewed"
"m22l10","B1","kolega","Kolega","Коллега","review_candidate","unreviewed"
"m22l10","B1","razgovor za posao","Razgovor za posao","Собеседование","review_candidate","unreviewed"
"m22l10","B1","radno vreme","Radno vreme","Рабочее время","review_candidate","unreviewed"
"m22l10","B1","smene","Smene","Смены","review_candidate","unreviewed"
"m22l10","B1","slobodan dan","Slobodan dan","Выходной","review_candidate","unreviewed"
"m22l10","B1","plata","Plata","Зарплата","review_candidate","unreviewed"
"m22l10","B1","neto plata","Neto plata","Зарплата после вычетов","review_candidate","unreviewed"
"m23l1","B1","prigovor","Prigovor","Возражение / претензия","new_candidate","unreviewed"
"m23l1","B1","postupak","Postupak","Процедура / процесс","new_candidate","unreviewed"
"m23l1","B1","faza","Faza","Этап","new_candidate","unreviewed"
"m23l1","B1","dokumentacija","Dokumentacija","Документация","new_candidate","unreviewed"
"m23l1","B1","potpuna","Potpuna","Полная (ж.р.)","new_candidate","unreviewed"
"m23l1","B1","rok je istekao","Rok je istekao","Срок истёк","new_candidate","unreviewed"
"m23l1","B1","žalba","Žalba","Жалоба","review_candidate","unreviewed"
"m23l1","B1","zahtev","Zahtev","Заявление / запрос","review_candidate","unreviewed"
"m23l1","B1","nedostaje","Nedostaje","Не хватает","review_candidate","unreviewed"
"m23l1","B1","potvrda","Potvrda","Подтверждение","review_candidate","unreviewed"
"m23l1","B1","rešenje","Rešenje","Решение","review_candidate","unreviewed"
"m23l2","B1","pomeren","Pomeren","Перенесён","new_candidate","unreviewed"
"m23l2","B1","obrađen","Obrađen","Обработан","new_candidate","unreviewed"
"m23l2","B1","prosleđen","Prosleđen","Передан дальше","new_candidate","unreviewed"
"m23l2","B1","postupak","Postupak","Процедура / процесс","review_candidate","unreviewed"
"m23l2","B1","faza","Faza","Этап","review_candidate","unreviewed"
"m23l2","B1","dokumentacija","Dokumentacija","Документация","review_candidate","unreviewed"
"m23l2","B1","potpuna","Potpuna","Полная (ж.р.)","review_candidate","unreviewed"
"m23l2","B1","nedostaje","Nedostaje","Не хватает","review_candidate","unreviewed"
"m23l2","B1","potvrda","Potvrda","Подтверждение","review_candidate","unreviewed"
"m23l2","B1","rešenje","Rešenje","Решение","review_candidate","unreviewed"
"m23l2","B1","rok je istekao","Rok je istekao","Срок истёк","review_candidate","unreviewed"
"m23l3","B1","odgovorno lice","Odgovorno lice","Ответственное лицо","new_candidate","unreviewed"
"m23l3","B1","nadležan","Nadležan","Компетентный / уполномоченный","new_candidate","unreviewed"
"m23l3","B1","pisani odgovor","Pisani odgovor","Письменный ответ","new_candidate","unreviewed"
"m23l3","B1","potpuna","Potpuna","Полная (ж.р.)","review_candidate","unreviewed"
"m23l3","B1","nedostaje","Nedostaje","Не хватает","review_candidate","unreviewed"
"m23l3","B1","potvrda","Potvrda","Подтверждение","review_candidate","unreviewed"
"m23l3","B1","rešenje","Rešenje","Решение","review_candidate","unreviewed"
"m23l3","B1","rok je istekao","Rok je istekao","Срок истёк","review_candidate","unreviewed"
"m23l3","B1","pomeren","Pomeren","Перенесён","review_candidate","unreviewed"
"m23l3","B1","obrađen","Obrađen","Обработан","review_candidate","unreviewed"
"m23l3","B1","prosleđen","Prosleđen","Передан дальше","review_candidate","unreviewed"
"m23l4","B1","međutim","Međutim","Однако","new_candidate","unreviewed"
"m23l4","B1","s obzirom na","S obzirom na","Учитывая / принимая во внимание","new_candidate","unreviewed"
"m23l4","B1","rešenje","Rešenje","Решение","review_candidate","unreviewed"
"m23l4","B1","rok je istekao","Rok je istekao","Срок истёк","review_candidate","unreviewed"
"m23l4","B1","pomeren","Pomeren","Перенесён","review_candidate","unreviewed"
"m23l4","B1","obrađen","Obrađen","Обработан","review_candidate","unreviewed"
"m23l4","B1","prosleđen","Prosleđen","Передан дальше","review_candidate","unreviewed"
"m23l4","B1","odgovorno lice","Odgovorno lice","Ответственное лицо","review_candidate","unreviewed"
"m23l4","B1","nadležan","Nadležan","Компетентный / уполномоченный","review_candidate","unreviewed"
"m23l4","B1","pisani odgovor","Pisani odgovor","Письменный ответ","review_candidate","unreviewed"
"m23l4","B1","u vezi sa","U vezi sa","В связи с","review_candidate","unreviewed"
"m23l5","B1","prema","Prema","Согласно / по","new_candidate","unreviewed"
"m23l5","B1","usluga","Usluga","Услуга","new_candidate","unreviewed"
"m23l5","B1","dogovoreni rok","Dogovoreni rok","Согласованный срок","new_candidate","unreviewed"
"m23l5","B1","obrađen","Obrađen","Обработан","review_candidate","unreviewed"
"m23l5","B1","prosleđen","Prosleđen","Передан дальше","review_candidate","unreviewed"
"m23l5","B1","odgovorno lice","Odgovorno lice","Ответственное лицо","review_candidate","unreviewed"
"m23l5","B1","nadležan","Nadležan","Компетентный / уполномоченный","review_candidate","unreviewed"
"m23l5","B1","pisani odgovor","Pisani odgovor","Письменный ответ","review_candidate","unreviewed"
"m23l5","B1","međutim","Međutim","Однако","review_candidate","unreviewed"
"m23l5","B1","s obzirom na","S obzirom na","Учитывая / принимая во внимание","review_candidate","unreviewed"
"m23l5","B1","u vezi sa","U vezi sa","В связи с","review_candidate","unreviewed"
"m23l6","B1","predlagati","Predlagati","Предлагать","new_candidate","unreviewed"
"m23l6","B1","pojašnjenje","Pojašnjenje","Разъяснение","new_candidate","unreviewed"
"m23l6","B1","obaveštenje","Obaveštenje","Уведомление","new_candidate","unreviewed"
"m23l6","B1","nadležan","Nadležan","Компетентный / уполномоченный","review_candidate","unreviewed"
"m23l6","B1","pisani odgovor","Pisani odgovor","Письменный ответ","review_candidate","unreviewed"
"m23l6","B1","međutim","Međutim","Однако","review_candidate","unreviewed"
"m23l6","B1","s obzirom na","S obzirom na","Учитывая / принимая во внимание","review_candidate","unreviewed"
"m23l6","B1","u vezi sa","U vezi sa","В связи с","review_candidate","unreviewed"
"m23l6","B1","prema","Prema","Согласно / по","review_candidate","unreviewed"
"m23l6","B1","usluga","Usluga","Услуга","review_candidate","unreviewed"
"m23l6","B1","dogovoreni rok","Dogovoreni rok","Согласованный срок","review_candidate","unreviewed"
"m23l7","B1","proveriti","Proveriti","Проверить","new_candidate","unreviewed"
"m23l7","B1","s obzirom na","S obzirom na","Учитывая / принимая во внимание","review_candidate","unreviewed"
"m23l7","B1","u vezi sa","U vezi sa","В связи с","review_candidate","unreviewed"
"m23l7","B1","prema","Prema","Согласно / по","review_candidate","unreviewed"
"m23l7","B1","usluga","Usluga","Услуга","review_candidate","unreviewed"
"m23l7","B1","dogovoreni rok","Dogovoreni rok","Согласованный срок","review_candidate","unreviewed"
"m23l7","B1","predlagati","Predlagati","Предлагать","review_candidate","unreviewed"
"m23l7","B1","pojašnjenje","Pojašnjenje","Разъяснение","review_candidate","unreviewed"
"m23l7","B1","obaveštenje","Obaveštenje","Уведомление","review_candidate","unreviewed"
"m23l7","B1","unapred","Unapred","Заранее","review_candidate","unreviewed"
"m23l7","B1","žalba","Žalba","Жалоба","review_candidate","unreviewed"
"m23l8","B1","usluga","Usluga","Услуга","review_candidate","unreviewed"
"m23l8","B1","dogovoreni rok","Dogovoreni rok","Согласованный срок","review_candidate","unreviewed"
"m23l8","B1","predlagati","Predlagati","Предлагать","review_candidate","unreviewed"
"m23l8","B1","pojašnjenje","Pojašnjenje","Разъяснение","review_candidate","unreviewed"
"m23l8","B1","obaveštenje","Obaveštenje","Уведомление","review_candidate","unreviewed"
"m23l8","B1","proveriti","Proveriti","Проверить","review_candidate","unreviewed"
"m23l8","B1","unapred","Unapred","Заранее","review_candidate","unreviewed"
"m23l8","B1","žalba","Žalba","Жалоба","review_candidate","unreviewed"
"m23l8","B1","prigovor","Prigovor","Возражение / претензия","review_candidate","unreviewed"
"m23l8","B1","zahtev","Zahtev","Заявление / запрос","review_candidate","unreviewed"
"m23l8","B1","postupak","Postupak","Процедура / процесс","review_candidate","unreviewed"
"m23l9","B1","pojašnjenje","Pojašnjenje","Разъяснение","review_candidate","unreviewed"
"m23l9","B1","obaveštenje","Obaveštenje","Уведомление","review_candidate","unreviewed"
"m23l9","B1","proveriti","Proveriti","Проверить","review_candidate","unreviewed"
"m23l9","B1","unapred","Unapred","Заранее","review_candidate","unreviewed"
"m23l9","B1","žalba","Žalba","Жалоба","review_candidate","unreviewed"
"m23l9","B1","prigovor","Prigovor","Возражение / претензия","review_candidate","unreviewed"
"m23l9","B1","zahtev","Zahtev","Заявление / запрос","review_candidate","unreviewed"
"m23l9","B1","postupak","Postupak","Процедура / процесс","review_candidate","unreviewed"
"m23l9","B1","faza","Faza","Этап","review_candidate","unreviewed"
"m23l9","B1","dokumentacija","Dokumentacija","Документация","review_candidate","unreviewed"
"m23l9","B1","potpuna","Potpuna","Полная (ж.р.)","review_candidate","unreviewed"
"m23l10","B1","unapred","Unapred","Заранее","review_candidate","unreviewed"
"m23l10","B1","žalba","Žalba","Жалоба","review_candidate","unreviewed"
"m23l10","B1","prigovor","Prigovor","Возражение / претензия","review_candidate","unreviewed"
"m23l10","B1","zahtev","Zahtev","Заявление / запрос","review_candidate","unreviewed"
"m23l10","B1","postupak","Postupak","Процедура / процесс","review_candidate","unreviewed"
"m23l10","B1","faza","Faza","Этап","review_candidate","unreviewed"
"m23l10","B1","dokumentacija","Dokumentacija","Документация","review_candidate","unreviewed"
"m23l10","B1","potpuna","Potpuna","Полная (ж.р.)","review_candidate","unreviewed"
"m23l10","B1","nedostaje","Nedostaje","Не хватает","review_candidate","unreviewed"
"m23l10","B1","potvrda","Potvrda","Подтверждение","review_candidate","unreviewed"
"m23l10","B1","rešenje","Rešenje","Решение","review_candidate","unreviewed"
"m24l1","B1","vest","Vest","Новость","new_candidate","unreviewed"
"m24l1","B1","naslov","Naslov","Заголовок","new_candidate","unreviewed"
"m24l1","B1","članak","Članak","Статья","new_candidate","unreviewed"
"m24l1","B1","izvor","Izvor","Источник","new_candidate","unreviewed"
"m24l1","B1","saopštenje","Saopštenje","Сообщение / заявление","new_candidate","unreviewed"
"m24l1","B1","podatak","Podatak","Данные / сведение","new_candidate","unreviewed"
"m24l1","B1","činjenica","Činjenica","Факт","new_candidate","unreviewed"
"m24l1","B1","mišljenje","Mišljenje","Мнение","new_candidate","unreviewed"
"m24l1","B1","mislim da","Mislim da","Думаю, что","new_candidate","unreviewed"
"m24l1","B1","po mom mišljenju","Po mom mišljenju","По моему мнению","new_candidate","unreviewed"
"m24l1","B1","prema","Prema","Согласно","review_candidate","unreviewed"
"m24l2","B1","slažem se","Slažem se","Я согласен","new_candidate","unreviewed"
"m24l2","B1","ne slažem se","Ne slažem se","Я не согласен","new_candidate","unreviewed"
"m24l2","B1","delimično","Delimično","Частично","new_candidate","unreviewed"
"m24l2","B1","izvor","Izvor","Источник","review_candidate","unreviewed"
"m24l2","B1","prema","Prema","Согласно","review_candidate","unreviewed"
"m24l2","B1","saopštenje","Saopštenje","Сообщение / заявление","review_candidate","unreviewed"
"m24l2","B1","podatak","Podatak","Данные / сведение","review_candidate","unreviewed"
"m24l2","B1","činjenica","Činjenica","Факт","review_candidate","unreviewed"
"m24l2","B1","mišljenje","Mišljenje","Мнение","review_candidate","unreviewed"
"m24l2","B1","mislim da","Mislim da","Думаю, что","review_candidate","unreviewed"
"m24l2","B1","po mom mišljenju","Po mom mišljenju","По моему мнению","review_candidate","unreviewed"
"m24l3","B1","čini mi se","Čini mi se","Мне кажется","new_candidate","unreviewed"
"m24l3","B1","verovatno","Verovatno","Вероятно","new_candidate","unreviewed"
"m24l3","B1","moguće","Moguće","Возможно","new_candidate","unreviewed"
"m24l3","B1","podatak","Podatak","Данные / сведение","review_candidate","unreviewed"
"m24l3","B1","činjenica","Činjenica","Факт","review_candidate","unreviewed"
"m24l3","B1","mišljenje","Mišljenje","Мнение","review_candidate","unreviewed"
"m24l3","B1","mislim da","Mislim da","Думаю, что","review_candidate","unreviewed"
"m24l3","B1","po mom mišljenju","Po mom mišljenju","По моему мнению","review_candidate","unreviewed"
"m24l3","B1","slažem se","Slažem se","Я согласен","review_candidate","unreviewed"
"m24l3","B1","ne slažem se","Ne slažem se","Я не согласен","review_candidate","unreviewed"
"m24l3","B1","delimično","Delimično","Частично","review_candidate","unreviewed"
"m24l4","B1","objaviti","Objaviti","Опубликовать","new_candidate","unreviewed"
"m24l4","B1","objasniti","Objasniti","Объяснить","new_candidate","unreviewed"
"m24l4","B1","mislim da","Mislim da","Думаю, что","review_candidate","unreviewed"
"m24l4","B1","po mom mišljenju","Po mom mišljenju","По моему мнению","review_candidate","unreviewed"
"m24l4","B1","slažem se","Slažem se","Я согласен","review_candidate","unreviewed"
"m24l4","B1","ne slažem se","Ne slažem se","Я не согласен","review_candidate","unreviewed"
"m24l4","B1","delimično","Delimično","Частично","review_candidate","unreviewed"
"m24l4","B1","čini mi se","Čini mi se","Мне кажется","review_candidate","unreviewed"
"m24l4","B1","verovatno","Verovatno","Вероятно","review_candidate","unreviewed"
"m24l4","B1","moguće","Moguće","Возможно","review_candidate","unreviewed"
"m24l4","B1","potvrditi","Potvrditi","Подтвердить","review_candidate","unreviewed"
"m24l5","B1","predmet","Predmet","Тема письма / предмет","new_candidate","unreviewed"
"m24l5","B1","primalac","Primalac","Получатель","new_candidate","unreviewed"
"m24l5","B1","ne slažem se","Ne slažem se","Я не согласен","review_candidate","unreviewed"
"m24l5","B1","delimično","Delimično","Частично","review_candidate","unreviewed"
"m24l5","B1","čini mi se","Čini mi se","Мне кажется","review_candidate","unreviewed"
"m24l5","B1","verovatno","Verovatno","Вероятно","review_candidate","unreviewed"
"m24l5","B1","moguće","Moguće","Возможно","review_candidate","unreviewed"
"m24l5","B1","objaviti","Objaviti","Опубликовать","review_candidate","unreviewed"
"m24l5","B1","objasniti","Objasniti","Объяснить","review_candidate","unreviewed"
"m24l5","B1","potvrditi","Potvrditi","Подтвердить","review_candidate","unreviewed"
"m24l5","B1","poruka","Poruka","Сообщение","review_candidate","unreviewed"
"m24l6","B1","pošiljalac","Pošiljalac","Отправитель","new_candidate","unreviewed"
"m24l6","B1","sadržaj","Sadržaj","Содержание","new_candidate","unreviewed"
"m24l6","B1","verovatno","Verovatno","Вероятно","review_candidate","unreviewed"
"m24l6","B1","moguće","Moguće","Возможно","review_candidate","unreviewed"
"m24l6","B1","objaviti","Objaviti","Опубликовать","review_candidate","unreviewed"
"m24l6","B1","objasniti","Objasniti","Объяснить","review_candidate","unreviewed"
"m24l6","B1","potvrditi","Potvrditi","Подтвердить","review_candidate","unreviewed"
"m24l6","B1","poruka","Poruka","Сообщение","review_candidate","unreviewed"
"m24l6","B1","predmet","Predmet","Тема письма / предмет","review_candidate","unreviewed"
"m24l6","B1","primalac","Primalac","Получатель","review_candidate","unreviewed"
"m24l6","B1","prilog","Prilog","Вложение","review_candidate","unreviewed"
"m24l7","B1","sažetak","Sažetak","Краткое изложение","new_candidate","unreviewed"
"m24l7","B1","zaključak","Zaključak","Вывод","new_candidate","unreviewed"
"m24l7","B1","objasniti","Objasniti","Объяснить","review_candidate","unreviewed"
"m24l7","B1","potvrditi","Potvrditi","Подтвердить","review_candidate","unreviewed"
"m24l7","B1","poruka","Poruka","Сообщение","review_candidate","unreviewed"
"m24l7","B1","predmet","Predmet","Тема письма / предмет","review_candidate","unreviewed"
"m24l7","B1","primalac","Primalac","Получатель","review_candidate","unreviewed"
"m24l7","B1","pošiljalac","Pošiljalac","Отправитель","review_candidate","unreviewed"
"m24l7","B1","sadržaj","Sadržaj","Содержание","review_candidate","unreviewed"
"m24l7","B1","prilog","Prilog","Вложение","review_candidate","unreviewed"
"m24l7","B1","vest","Vest","Новость","review_candidate","unreviewed"
"m24l8","B1","predmet","Predmet","Тема письма / предмет","review_candidate","unreviewed"
"m24l8","B1","primalac","Primalac","Получатель","review_candidate","unreviewed"
"m24l8","B1","pošiljalac","Pošiljalac","Отправитель","review_candidate","unreviewed"
"m24l8","B1","sadržaj","Sadržaj","Содержание","review_candidate","unreviewed"
"m24l8","B1","prilog","Prilog","Вложение","review_candidate","unreviewed"
"m24l8","B1","sažetak","Sažetak","Краткое изложение","review_candidate","unreviewed"
"m24l8","B1","zaključak","Zaključak","Вывод","review_candidate","unreviewed"
"m24l8","B1","vest","Vest","Новость","review_candidate","unreviewed"
"m24l8","B1","naslov","Naslov","Заголовок","review_candidate","unreviewed"
"m24l8","B1","članak","Članak","Статья","review_candidate","unreviewed"
"m24l8","B1","izvor","Izvor","Источник","review_candidate","unreviewed"
"m24l9","B1","sadržaj","Sadržaj","Содержание","review_candidate","unreviewed"
"m24l9","B1","prilog","Prilog","Вложение","review_candidate","unreviewed"
"m24l9","B1","sažetak","Sažetak","Краткое изложение","review_candidate","unreviewed"
"m24l9","B1","zaključak","Zaključak","Вывод","review_candidate","unreviewed"
"m24l9","B1","vest","Vest","Новость","review_candidate","unreviewed"
"m24l9","B1","naslov","Naslov","Заголовок","review_candidate","unreviewed"
"m24l9","B1","članak","Članak","Статья","review_candidate","unreviewed"
"m24l9","B1","izvor","Izvor","Источник","review_candidate","unreviewed"
"m24l9","B1","prema","Prema","Согласно","review_candidate","unreviewed"
"m24l9","B1","saopštenje","Saopštenje","Сообщение / заявление","review_candidate","unreviewed"
"m24l9","B1","podatak","Podatak","Данные / сведение","review_candidate","unreviewed"
"m24l10","B1","zaključak","Zaključak","Вывод","review_candidate","unreviewed"
"m24l10","B1","vest","Vest","Новость","review_candidate","unreviewed"
"m24l10","B1","naslov","Naslov","Заголовок","review_candidate","unreviewed"
"m24l10","B1","članak","Članak","Статья","review_candidate","unreviewed"
"m24l10","B1","izvor","Izvor","Источник","review_candidate","unreviewed"
"m24l10","B1","prema","Prema","Согласно","review_candidate","unreviewed"
"m24l10","B1","saopštenje","Saopštenje","Сообщение / заявление","review_candidate","unreviewed"
"m24l10","B1","podatak","Podatak","Данные / сведение","review_candidate","unreviewed"
"m24l10","B1","činjenica","Činjenica","Факт","review_candidate","unreviewed"
"m24l10","B1","mišljenje","Mišljenje","Мнение","review_candidate","unreviewed"
"m24l10","B1","mislim da","Mislim da","Думаю, что","review_candidate","unreviewed"
"m25l1","B2","budući da","Budući da","Поскольку / ввиду того что","new_candidate","unreviewed"
"m25l1","B2","s obzirom na to da","S obzirom na to da","Учитывая, что","new_candidate","unreviewed"
"m25l1","B2","stoga","Stoga","Следовательно / поэтому","new_candidate","unreviewed"
"m25l1","B2","uprkos","Uprkos","Несмотря на","new_candidate","unreviewed"
"m25l1","B2","premda","Premda","Хотя / несмотря на то что","new_candidate","unreviewed"
"m25l1","B2","naime","Naime","А именно / дело в том, что","new_candidate","unreviewed"
"m25l1","B2","odnosno","Odnosno","То есть / соответственно","new_candidate","unreviewed"
"m25l1","B2","pri čemu","Pri čemu","При этом","new_candidate","unreviewed"
"m25l1","B2","ukoliko","Ukoliko","Если / в случае если","new_candidate","unreviewed"
"m25l1","B2","pod uslovom da","Pod uslovom da","При условии что","new_candidate","unreviewed"
"m25l1","B2","iako","Iako","Хотя","review_candidate","unreviewed"
"m25l2","B2","u protivnom","U protivnom","В противном случае","new_candidate","unreviewed"
"m25l2","B2","zahtev je obrađen","Zahtev je obrađen","Заявление обработано","new_candidate","unreviewed"
"m25l2","B2","obrađuje se","Obrađuje se","Обрабатывается","new_candidate","unreviewed"
"m25l2","B2","uprkos","Uprkos","Несмотря на","review_candidate","unreviewed"
"m25l2","B2","iako","Iako","Хотя","review_candidate","unreviewed"
"m25l2","B2","premda","Premda","Хотя / несмотря на то что","review_candidate","unreviewed"
"m25l2","B2","naime","Naime","А именно / дело в том, что","review_candidate","unreviewed"
"m25l2","B2","odnosno","Odnosno","То есть / соответственно","review_candidate","unreviewed"
"m25l2","B2","pri čemu","Pri čemu","При этом","review_candidate","unreviewed"
"m25l2","B2","ukoliko","Ukoliko","Если / в случае если","review_candidate","unreviewed"
"m25l2","B2","pod uslovom da","Pod uslovom da","При условии что","review_candidate","unreviewed"
"m25l3","B2","donošenje odluke","Donošenje odluke","Принятие решения","new_candidate","unreviewed"
"m25l3","B2","rešavanje problema","Rešavanje problema","Решение проблемы (процесс)","new_candidate","unreviewed"
"m25l3","B2","potpisan","Potpisan","Подписанный","new_candidate","unreviewed"
"m25l3","B2","naime","Naime","А именно / дело в том, что","review_candidate","unreviewed"
"m25l3","B2","odnosno","Odnosno","То есть / соответственно","review_candidate","unreviewed"
"m25l3","B2","pri čemu","Pri čemu","При этом","review_candidate","unreviewed"
"m25l3","B2","ukoliko","Ukoliko","Если / в случае если","review_candidate","unreviewed"
"m25l3","B2","pod uslovom da","Pod uslovom da","При условии что","review_candidate","unreviewed"
"m25l3","B2","u protivnom","U protivnom","В противном случае","review_candidate","unreviewed"
"m25l3","B2","zahtev je obrađen","Zahtev je obrađen","Заявление обработано","review_candidate","unreviewed"
"m25l3","B2","obrađuje se","Obrađuje se","Обрабатывается","review_candidate","unreviewed"
"m25l4","B2","odobren","Odobren","Одобренный","new_candidate","unreviewed"
"m25l4","B2","odbijen","Odbijen","Отклонённый","new_candidate","unreviewed"
"m25l4","B2","završena","Završena","Завершённая","new_candidate","unreviewed"
"m25l4","B2","ukoliko","Ukoliko","Если / в случае если","review_candidate","unreviewed"
"m25l4","B2","pod uslovom da","Pod uslovom da","При условии что","review_candidate","unreviewed"
"m25l4","B2","u protivnom","U protivnom","В противном случае","review_candidate","unreviewed"
"m25l4","B2","zahtev je obrađen","Zahtev je obrađen","Заявление обработано","review_candidate","unreviewed"
"m25l4","B2","obrađuje se","Obrađuje se","Обрабатывается","review_candidate","unreviewed"
"m25l4","B2","donošenje odluke","Donošenje odluke","Принятие решения","review_candidate","unreviewed"
"m25l4","B2","rešavanje problema","Rešavanje problema","Решение проблемы (процесс)","review_candidate","unreviewed"
"m25l4","B2","potpisan","Potpisan","Подписанный","review_candidate","unreviewed"
"m25l5","B2","neophodno","Neophodno","Необходимо","new_candidate","unreviewed"
"m25l5","B2","preporučljivo","Preporučljivo","Рекомендуется / желательно","new_candidate","unreviewed"
"m25l5","B2","moguće je","Moguće je","Возможно","new_candidate","unreviewed"
"m25l5","B2","zahtev je obrađen","Zahtev je obrađen","Заявление обработано","review_candidate","unreviewed"
"m25l5","B2","obrađuje se","Obrađuje se","Обрабатывается","review_candidate","unreviewed"
"m25l5","B2","donošenje odluke","Donošenje odluke","Принятие решения","review_candidate","unreviewed"
"m25l5","B2","rešavanje problema","Rešavanje problema","Решение проблемы (процесс)","review_candidate","unreviewed"
"m25l5","B2","potpisan","Potpisan","Подписанный","review_candidate","unreviewed"
"m25l5","B2","odobren","Odobren","Одобренный","review_candidate","unreviewed"
"m25l5","B2","odbijen","Odbijen","Отклонённый","review_candidate","unreviewed"
"m25l5","B2","završena","Završena","Завершённая","review_candidate","unreviewed"
"m25l6","B2","smatrati","Smatrati","Считать / полагать","new_candidate","unreviewed"
"m25l6","B2","podrazumevati","Podrazumevati","Подразумевать","new_candidate","unreviewed"
"m25l6","B2","naglasiti","Naglasiti","Подчеркнуть","new_candidate","unreviewed"
"m25l6","B2","rešavanje problema","Rešavanje problema","Решение проблемы (процесс)","review_candidate","unreviewed"
"m25l6","B2","potpisan","Potpisan","Подписанный","review_candidate","unreviewed"
"m25l6","B2","odobren","Odobren","Одобренный","review_candidate","unreviewed"
"m25l6","B2","odbijen","Odbijen","Отклонённый","review_candidate","unreviewed"
"m25l6","B2","završena","Završena","Завершённая","review_candidate","unreviewed"
"m25l6","B2","neophodno","Neophodno","Необходимо","review_candidate","unreviewed"
"m25l6","B2","preporučljivo","Preporučljivo","Рекомендуется / желательно","review_candidate","unreviewed"
"m25l6","B2","moguće je","Moguće je","Возможно","review_candidate","unreviewed"
"m25l7","B2","izuzetak","Izuzetak","Исключение","new_candidate","unreviewed"
"m25l7","B2","odbijen","Odbijen","Отклонённый","review_candidate","unreviewed"
"m25l7","B2","završena","Završena","Завершённая","review_candidate","unreviewed"
"m25l7","B2","neophodno","Neophodno","Необходимо","review_candidate","unreviewed"
"m25l7","B2","preporučljivo","Preporučljivo","Рекомендуется / желательно","review_candidate","unreviewed"
"m25l7","B2","moguće je","Moguće je","Возможно","review_candidate","unreviewed"
"m25l7","B2","smatrati","Smatrati","Считать / полагать","review_candidate","unreviewed"
"m25l7","B2","podrazumevati","Podrazumevati","Подразумевать","review_candidate","unreviewed"
"m25l7","B2","naglasiti","Naglasiti","Подчеркнуть","review_candidate","unreviewed"
"m25l7","B2","budući da","Budući da","Поскольку / ввиду того что","review_candidate","unreviewed"
"m25l7","B2","s obzirom na to da","S obzirom na to da","Учитывая, что","review_candidate","unreviewed"
"m25l8","B2","preporučljivo","Preporučljivo","Рекомендуется / желательно","review_candidate","unreviewed"
"m25l8","B2","moguće je","Moguće je","Возможно","review_candidate","unreviewed"
"m25l8","B2","smatrati","Smatrati","Считать / полагать","review_candidate","unreviewed"
"m25l8","B2","podrazumevati","Podrazumevati","Подразумевать","review_candidate","unreviewed"
"m25l8","B2","naglasiti","Naglasiti","Подчеркнуть","review_candidate","unreviewed"
"m25l8","B2","izuzetak","Izuzetak","Исключение","review_candidate","unreviewed"
"m25l8","B2","budući da","Budući da","Поскольку / ввиду того что","review_candidate","unreviewed"
"m25l8","B2","s obzirom na to da","S obzirom na to da","Учитывая, что","review_candidate","unreviewed"
"m25l8","B2","stoga","Stoga","Следовательно / поэтому","review_candidate","unreviewed"
"m25l8","B2","uprkos","Uprkos","Несмотря на","review_candidate","unreviewed"
"m25l8","B2","iako","Iako","Хотя","review_candidate","unreviewed"
"m25l9","B2","podrazumevati","Podrazumevati","Подразумевать","review_candidate","unreviewed"
"m25l9","B2","naglasiti","Naglasiti","Подчеркнуть","review_candidate","unreviewed"
"m25l9","B2","izuzetak","Izuzetak","Исключение","review_candidate","unreviewed"
"m25l9","B2","budući da","Budući da","Поскольку / ввиду того что","review_candidate","unreviewed"
"m25l9","B2","s obzirom na to da","S obzirom na to da","Учитывая, что","review_candidate","unreviewed"
"m25l9","B2","stoga","Stoga","Следовательно / поэтому","review_candidate","unreviewed"
"m25l9","B2","uprkos","Uprkos","Несмотря на","review_candidate","unreviewed"
"m25l9","B2","iako","Iako","Хотя","review_candidate","unreviewed"
"m25l9","B2","premda","Premda","Хотя / несмотря на то что","review_candidate","unreviewed"
"m25l9","B2","naime","Naime","А именно / дело в том, что","review_candidate","unreviewed"
"m25l9","B2","odnosno","Odnosno","То есть / соответственно","review_candidate","unreviewed"
"m25l10","B2","budući da","Budući da","Поскольку / ввиду того что","review_candidate","unreviewed"
"m25l10","B2","s obzirom na to da","S obzirom na to da","Учитывая, что","review_candidate","unreviewed"
"m25l10","B2","stoga","Stoga","Следовательно / поэтому","review_candidate","unreviewed"
"m25l10","B2","uprkos","Uprkos","Несмотря на","review_candidate","unreviewed"
"m25l10","B2","iako","Iako","Хотя","review_candidate","unreviewed"
"m25l10","B2","premda","Premda","Хотя / несмотря на то что","review_candidate","unreviewed"
"m25l10","B2","naime","Naime","А именно / дело в том, что","review_candidate","unreviewed"
"m25l10","B2","odnosno","Odnosno","То есть / соответственно","review_candidate","unreviewed"
"m25l10","B2","pri čemu","Pri čemu","При этом","review_candidate","unreviewed"
"m25l10","B2","ukoliko","Ukoliko","Если / в случае если","review_candidate","unreviewed"
"m25l10","B2","pod uslovom da","Pod uslovom da","При условии что","review_candidate","unreviewed"
"m26l1","B2","šta ima","Šta ima","Что нового / как дела (разг.)","new_candidate","unreviewed"
"m26l1","B2","nema veze","Nema veze","Ничего страшного / неважно","new_candidate","unreviewed"
"m26l1","B2","ma nema problema","Ma nema problema","Да никаких проблем (разг.)","new_candidate","unreviewed"
"m26l1","B2","doći na red","Doći na red","Дойти до очереди","new_candidate","unreviewed"
"m26l1","B2","red vožnje","Red vožnje","Расписание транспорта","new_candidate","unreviewed"
"m26l1","B2","u principu","U principu","В принципе","new_candidate","unreviewed"
"m26l1","B2","bez obzira na","Bez obzira na","Независимо от","new_candidate","unreviewed"
"m26l1","B2","u svakom slučaju","U svakom slučaju","В любом случае","new_candidate","unreviewed"
"m26l1","B2","nipošto","Nipošto","Ни в коем случае","new_candidate","unreviewed"
"m26l1","B2","ozbiljno","Ozbiljno","Серьёзно","new_candidate","unreviewed"
"m26l1","B2","u redu","U redu","Хорошо / в порядке","review_candidate","unreviewed"
"m26l2","B2","neverovatno","Neverovatno","Невероятно","new_candidate","unreviewed"
"m26l2","B2","svašta","Svašta","Ну и ну / всякое (разг.)","new_candidate","unreviewed"
"m26l2","B2","u redu","U redu","Хорошо / в порядке","review_candidate","unreviewed"
"m26l2","B2","doći na red","Doći na red","Дойти до очереди","review_candidate","unreviewed"
"m26l2","B2","red vožnje","Red vožnje","Расписание транспорта","review_candidate","unreviewed"
"m26l2","B2","u principu","U principu","В принципе","review_candidate","unreviewed"
"m26l2","B2","bez obzira na","Bez obzira na","Независимо от","review_candidate","unreviewed"
"m26l2","B2","u svakom slučaju","U svakom slučaju","В любом случае","review_candidate","unreviewed"
"m26l2","B2","nipošto","Nipošto","Ни в коем случае","review_candidate","unreviewed"
"m26l2","B2","ozbiljno","Ozbiljno","Серьёзно","review_candidate","unreviewed"
"m26l2","B2","stvarno","Stvarno","Правда / действительно","review_candidate","unreviewed"
"m26l3","B2","baš tako","Baš tako","Именно так","new_candidate","unreviewed"
"m26l3","B2","kako da ne","Kako da ne","Ещё бы / конечно (в контексте может быть ирония)","new_candidate","unreviewed"
"m26l3","B2","dogovoreno","Dogovoreno","Договорились","new_candidate","unreviewed"
"m26l3","B2","u principu","U principu","В принципе","review_candidate","unreviewed"
"m26l3","B2","bez obzira na","Bez obzira na","Независимо от","review_candidate","unreviewed"
"m26l3","B2","u svakom slučaju","U svakom slučaju","В любом случае","review_candidate","unreviewed"
"m26l3","B2","nipošto","Nipošto","Ни в коем случае","review_candidate","unreviewed"
"m26l3","B2","ozbiljno","Ozbiljno","Серьёзно","review_candidate","unreviewed"
"m26l3","B2","stvarno","Stvarno","Правда / действительно","review_candidate","unreviewed"
"m26l3","B2","neverovatno","Neverovatno","Невероятно","review_candidate","unreviewed"
"m26l3","B2","svašta","Svašta","Ну и ну / всякое (разг.)","review_candidate","unreviewed"
"m26l4","B2","svaka čast","Svaka čast","Молодец / моё уважение","new_candidate","unreviewed"
"m26l4","B2","nije frka","Nije frka","Не проблема (разг.)","new_candidate","unreviewed"
"m26l4","B2","nemoj da brineš","Nemoj da brineš","Не переживай","new_candidate","unreviewed"
"m26l4","B2","nipošto","Nipošto","Ни в коем случае","review_candidate","unreviewed"
"m26l4","B2","ozbiljno","Ozbiljno","Серьёзно","review_candidate","unreviewed"
"m26l4","B2","stvarno","Stvarno","Правда / действительно","review_candidate","unreviewed"
"m26l4","B2","neverovatno","Neverovatno","Невероятно","review_candidate","unreviewed"
"m26l4","B2","svašta","Svašta","Ну и ну / всякое (разг.)","review_candidate","unreviewed"
"m26l4","B2","baš tako","Baš tako","Именно так","review_candidate","unreviewed"
"m26l4","B2","kako da ne","Kako da ne","Ещё бы / конечно (в контексте может быть ирония)","review_candidate","unreviewed"
"m26l4","B2","dogovoreno","Dogovoreno","Договорились","review_candidate","unreviewed"
"m26l5","B2","žao mi je","Žao mi je","Мне жаль","new_candidate","unreviewed"
"m26l5","B2","nema na čemu","Nema na čemu","Не за что","new_candidate","unreviewed"
"m26l5","B2","neverovatno","Neverovatno","Невероятно","review_candidate","unreviewed"
"m26l5","B2","svašta","Svašta","Ну и ну / всякое (разг.)","review_candidate","unreviewed"
"m26l5","B2","baš tako","Baš tako","Именно так","review_candidate","unreviewed"
"m26l5","B2","kako da ne","Kako da ne","Ещё бы / конечно (в контексте может быть ирония)","review_candidate","unreviewed"
"m26l5","B2","dogovoreno","Dogovoreno","Договорились","review_candidate","unreviewed"
"m26l5","B2","svaka čast","Svaka čast","Молодец / моё уважение","review_candidate","unreviewed"
"m26l5","B2","nije frka","Nije frka","Не проблема (разг.)","review_candidate","unreviewed"
"m26l5","B2","nemoj da brineš","Nemoj da brineš","Не переживай","review_candidate","unreviewed"
"m26l5","B2","drago mi je","Drago mi je","Мне приятно","review_candidate","unreviewed"
"m26l6","B2","ljubazno","Ljubazno","Вежливо","new_candidate","unreviewed"
"m26l6","B2","neprijatno","Neprijatno","Неловко / неприятно","new_candidate","unreviewed"
"m26l6","B2","kako da ne","Kako da ne","Ещё бы / конечно (в контексте может быть ирония)","review_candidate","unreviewed"
"m26l6","B2","dogovoreno","Dogovoreno","Договорились","review_candidate","unreviewed"
"m26l6","B2","svaka čast","Svaka čast","Молодец / моё уважение","review_candidate","unreviewed"
"m26l6","B2","nije frka","Nije frka","Не проблема (разг.)","review_candidate","unreviewed"
"m26l6","B2","nemoj da brineš","Nemoj da brineš","Не переживай","review_candidate","unreviewed"
"m26l6","B2","žao mi je","Žao mi je","Мне жаль","review_candidate","unreviewed"
"m26l6","B2","drago mi je","Drago mi je","Мне приятно","review_candidate","unreviewed"
"m26l6","B2","nema na čemu","Nema na čemu","Не за что","review_candidate","unreviewed"
"m26l6","B2","izvolite","Izvolite","Пожалуйста / слушаю вас","review_candidate","unreviewed"
"m26l7","B2","srdačno","Srdačno","Сердечно","new_candidate","unreviewed"
"m26l7","B2","nije frka","Nije frka","Не проблема (разг.)","review_candidate","unreviewed"
"m26l7","B2","nemoj da brineš","Nemoj da brineš","Не переживай","review_candidate","unreviewed"
"m26l7","B2","žao mi je","Žao mi je","Мне жаль","review_candidate","unreviewed"
"m26l7","B2","drago mi je","Drago mi je","Мне приятно","review_candidate","unreviewed"
"m26l7","B2","nema na čemu","Nema na čemu","Не за что","review_candidate","unreviewed"
"m26l7","B2","izvolite","Izvolite","Пожалуйста / слушаю вас","review_candidate","unreviewed"
"m26l7","B2","ljubazno","Ljubazno","Вежливо","review_candidate","unreviewed"
"m26l7","B2","neprijatno","Neprijatno","Неловко / неприятно","review_candidate","unreviewed"
"m26l7","B2","šta ima","Šta ima","Что нового / как дела (разг.)","review_candidate","unreviewed"
"m26l7","B2","nema veze","Nema veze","Ничего страшного / неважно","review_candidate","unreviewed"
"m26l8","B2","drago mi je","Drago mi je","Мне приятно","review_candidate","unreviewed"
"m26l8","B2","nema na čemu","Nema na čemu","Не за что","review_candidate","unreviewed"
"m26l8","B2","izvolite","Izvolite","Пожалуйста / слушаю вас","review_candidate","unreviewed"
"m26l8","B2","ljubazno","Ljubazno","Вежливо","review_candidate","unreviewed"
"m26l8","B2","neprijatno","Neprijatno","Неловко / неприятно","review_candidate","unreviewed"
"m26l8","B2","srdačno","Srdačno","Сердечно","review_candidate","unreviewed"
"m26l8","B2","šta ima","Šta ima","Что нового / как дела (разг.)","review_candidate","unreviewed"
"m26l8","B2","nema veze","Nema veze","Ничего страшного / неважно","review_candidate","unreviewed"
"m26l8","B2","ma nema problema","Ma nema problema","Да никаких проблем (разг.)","review_candidate","unreviewed"
"m26l8","B2","u redu","U redu","Хорошо / в порядке","review_candidate","unreviewed"
"m26l8","B2","doći na red","Doći na red","Дойти до очереди","review_candidate","unreviewed"
"m26l9","B2","ljubazno","Ljubazno","Вежливо","review_candidate","unreviewed"
"m26l9","B2","neprijatno","Neprijatno","Неловко / неприятно","review_candidate","unreviewed"
"m26l9","B2","srdačno","Srdačno","Сердечно","review_candidate","unreviewed"
"m26l9","B2","šta ima","Šta ima","Что нового / как дела (разг.)","review_candidate","unreviewed"
"m26l9","B2","nema veze","Nema veze","Ничего страшного / неважно","review_candidate","unreviewed"
"m26l9","B2","ma nema problema","Ma nema problema","Да никаких проблем (разг.)","review_candidate","unreviewed"
"m26l9","B2","u redu","U redu","Хорошо / в порядке","review_candidate","unreviewed"
"m26l9","B2","doći na red","Doći na red","Дойти до очереди","review_candidate","unreviewed"
"m26l9","B2","red vožnje","Red vožnje","Расписание транспорта","review_candidate","unreviewed"
"m26l9","B2","u principu","U principu","В принципе","review_candidate","unreviewed"
"m26l9","B2","bez obzira na","Bez obzira na","Независимо от","review_candidate","unreviewed"
"m26l10","B2","šta ima","Šta ima","Что нового / как дела (разг.)","review_candidate","unreviewed"
"m26l10","B2","nema veze","Nema veze","Ничего страшного / неважно","review_candidate","unreviewed"
"m26l10","B2","ma nema problema","Ma nema problema","Да никаких проблем (разг.)","review_candidate","unreviewed"
"m26l10","B2","u redu","U redu","Хорошо / в порядке","review_candidate","unreviewed"
"m26l10","B2","doći na red","Doći na red","Дойти до очереди","review_candidate","unreviewed"
"m26l10","B2","red vožnje","Red vožnje","Расписание транспорта","review_candidate","unreviewed"
"m26l10","B2","u principu","U principu","В принципе","review_candidate","unreviewed"
"m26l10","B2","bez obzira na","Bez obzira na","Независимо от","review_candidate","unreviewed"
"m26l10","B2","u svakom slučaju","U svakom slučaju","В любом случае","review_candidate","unreviewed"
"m26l10","B2","nipošto","Nipošto","Ни в коем случае","review_candidate","unreviewed"
"m26l10","B2","ozbiljno","Ozbiljno","Серьёзно","review_candidate","unreviewed"
"m27l1","B2","smatram da","Smatram da","Считаю, что","new_candidate","unreviewed"
"m27l1","B2","pretpostavljam","Pretpostavljam","Предполагаю","new_candidate","unreviewed"
"m27l1","B2","dokaz","Dokaz","Доказательство","new_candidate","unreviewed"
"m27l1","B2","tvrdnja","Tvrdnja","Утверждение","new_candidate","unreviewed"
"m27l1","B2","argument","Argument","Аргумент","new_candidate","unreviewed"
"m27l1","B2","primer","Primer","Пример","new_candidate","unreviewed"
"m27l1","B2","kontraargument","Kontraargument","Контраргумент","new_candidate","unreviewed"
"m27l1","B2","stav","Stav","Позиция / точка зрения","new_candidate","unreviewed"
"m27l1","B2","prednost","Prednost","Преимущество","new_candidate","unreviewed"
"m27l1","B2","nedostatak","Nedostatak","Недостаток","new_candidate","unreviewed"
"m27l1","B2","posledica","Posledica","Последствие","new_candidate","unreviewed"
"m27l2","B2","uzrok","Uzrok","Причина","new_candidate","unreviewed"
"m27l2","B2","uticaj","Uticaj","Влияние","new_candidate","unreviewed"
"m27l2","B2","dugoročno","Dugoročno","В долгосрочной перспективе","new_candidate","unreviewed"
"m27l2","B2","tvrdnja","Tvrdnja","Утверждение","review_candidate","unreviewed"
"m27l2","B2","argument","Argument","Аргумент","review_candidate","unreviewed"
"m27l2","B2","primer","Primer","Пример","review_candidate","unreviewed"
"m27l2","B2","kontraargument","Kontraargument","Контраргумент","review_candidate","unreviewed"
"m27l2","B2","stav","Stav","Позиция / точка зрения","review_candidate","unreviewed"
"m27l2","B2","prednost","Prednost","Преимущество","review_candidate","unreviewed"
"m27l2","B2","nedostatak","Nedostatak","Недостаток","review_candidate","unreviewed"
"m27l2","B2","posledica","Posledica","Последствие","review_candidate","unreviewed"
"m27l3","B2","kratkoročno","Kratkoročno","В краткосрочной перспективе","new_candidate","unreviewed"
"m27l3","B2","s druge strane","S druge strane","С другой стороны","new_candidate","unreviewed"
"m27l3","B2","nasuprot tome","Nasuprot tome","В противоположность этому","new_candidate","unreviewed"
"m27l3","B2","kontraargument","Kontraargument","Контраргумент","review_candidate","unreviewed"
"m27l3","B2","stav","Stav","Позиция / точка зрения","review_candidate","unreviewed"
"m27l3","B2","prednost","Prednost","Преимущество","review_candidate","unreviewed"
"m27l3","B2","nedostatak","Nedostatak","Недостаток","review_candidate","unreviewed"
"m27l3","B2","posledica","Posledica","Последствие","review_candidate","unreviewed"
"m27l3","B2","uzrok","Uzrok","Причина","review_candidate","unreviewed"
"m27l3","B2","uticaj","Uticaj","Влияние","review_candidate","unreviewed"
"m27l3","B2","dugoročno","Dugoročno","В долгосрочной перспективе","review_candidate","unreviewed"
"m27l4","B2","štaviše","Štaviše","Более того","new_candidate","unreviewed"
"m27l4","B2","pored toga","Pored toga","Кроме того","new_candidate","unreviewed"
"m27l4","B2","ukratko","Ukratko","Кратко","new_candidate","unreviewed"
"m27l4","B2","nedostatak","Nedostatak","Недостаток","review_candidate","unreviewed"
"m27l4","B2","posledica","Posledica","Последствие","review_candidate","unreviewed"
"m27l4","B2","uzrok","Uzrok","Причина","review_candidate","unreviewed"
"m27l4","B2","uticaj","Uticaj","Влияние","review_candidate","unreviewed"
"m27l4","B2","dugoročno","Dugoročno","В долгосрочной перспективе","review_candidate","unreviewed"
"m27l4","B2","kratkoročno","Kratkoročno","В краткосрочной перспективе","review_candidate","unreviewed"
"m27l4","B2","s druge strane","S druge strane","С другой стороны","review_candidate","unreviewed"
"m27l4","B2","nasuprot tome","Nasuprot tome","В противоположность этому","review_candidate","unreviewed"
"m27l5","B2","obrazložiti","Obrazložiti","Обосновать","new_candidate","unreviewed"
"m27l5","B2","osporiti","Osporiti","Оспорить","new_candidate","unreviewed"
"m27l5","B2","uticaj","Uticaj","Влияние","review_candidate","unreviewed"
"m27l5","B2","dugoročno","Dugoročno","В долгосрочной перспективе","review_candidate","unreviewed"
"m27l5","B2","kratkoročno","Kratkoročno","В краткосрочной перспективе","review_candidate","unreviewed"
"m27l5","B2","s druge strane","S druge strane","С другой стороны","review_candidate","unreviewed"
"m27l5","B2","nasuprot tome","Nasuprot tome","В противоположность этому","review_candidate","unreviewed"
"m27l5","B2","štaviše","Štaviše","Более того","review_candidate","unreviewed"
"m27l5","B2","pored toga","Pored toga","Кроме того","review_candidate","unreviewed"
"m27l5","B2","ukratko","Ukratko","Кратко","review_candidate","unreviewed"
"m27l5","B2","zaključak","Zaključak","Вывод","review_candidate","unreviewed"
"m27l6","B2","razjasniti","Razjasniti","Прояснить","new_candidate","unreviewed"
"m27l6","B2","porediti","Porediti","Сравнивать","new_candidate","unreviewed"
"m27l6","B2","s druge strane","S druge strane","С другой стороны","review_candidate","unreviewed"
"m27l6","B2","nasuprot tome","Nasuprot tome","В противоположность этому","review_candidate","unreviewed"
"m27l6","B2","štaviše","Štaviše","Более того","review_candidate","unreviewed"
"m27l6","B2","pored toga","Pored toga","Кроме того","review_candidate","unreviewed"
"m27l6","B2","ukratko","Ukratko","Кратко","review_candidate","unreviewed"
"m27l6","B2","zaključak","Zaključak","Вывод","review_candidate","unreviewed"
"m27l6","B2","obrazložiti","Obrazložiti","Обосновать","review_candidate","unreviewed"
"m27l6","B2","osporiti","Osporiti","Оспорить","review_candidate","unreviewed"
"m27l6","B2","objasniti","Objasniti","Объяснить","review_candidate","unreviewed"
"m27l7","B2","mogućnost","Mogućnost","Возможность","new_candidate","unreviewed"
"m27l7","B2","pretpostavka","Pretpostavka","Предположение","new_candidate","unreviewed"
"m27l7","B2","pored toga","Pored toga","Кроме того","review_candidate","unreviewed"
"m27l7","B2","ukratko","Ukratko","Кратко","review_candidate","unreviewed"
"m27l7","B2","zaključak","Zaključak","Вывод","review_candidate","unreviewed"
"m27l7","B2","obrazložiti","Obrazložiti","Обосновать","review_candidate","unreviewed"
"m27l7","B2","osporiti","Osporiti","Оспорить","review_candidate","unreviewed"
"m27l7","B2","objasniti","Objasniti","Объяснить","review_candidate","unreviewed"
"m27l7","B2","razjasniti","Razjasniti","Прояснить","review_candidate","unreviewed"
"m27l7","B2","porediti","Porediti","Сравнивать","review_candidate","unreviewed"
"m27l7","B2","smatram da","Smatram da","Считаю, что","review_candidate","unreviewed"
"m27l8","B2","obrazložiti","Obrazložiti","Обосновать","review_candidate","unreviewed"
"m27l8","B2","osporiti","Osporiti","Оспорить","review_candidate","unreviewed"
"m27l8","B2","objasniti","Objasniti","Объяснить","review_candidate","unreviewed"
"m27l8","B2","razjasniti","Razjasniti","Прояснить","review_candidate","unreviewed"
"m27l8","B2","porediti","Porediti","Сравнивать","review_candidate","unreviewed"
"m27l8","B2","mogućnost","Mogućnost","Возможность","review_candidate","unreviewed"
"m27l8","B2","pretpostavka","Pretpostavka","Предположение","review_candidate","unreviewed"
"m27l8","B2","smatram da","Smatram da","Считаю, что","review_candidate","unreviewed"
"m27l8","B2","pretpostavljam","Pretpostavljam","Предполагаю","review_candidate","unreviewed"
"m27l8","B2","dokaz","Dokaz","Доказательство","review_candidate","unreviewed"
"m27l8","B2","tvrdnja","Tvrdnja","Утверждение","review_candidate","unreviewed"
"m27l9","B2","razjasniti","Razjasniti","Прояснить","review_candidate","unreviewed"
"m27l9","B2","porediti","Porediti","Сравнивать","review_candidate","unreviewed"
"m27l9","B2","mogućnost","Mogućnost","Возможность","review_candidate","unreviewed"
"m27l9","B2","pretpostavka","Pretpostavka","Предположение","review_candidate","unreviewed"
"m27l9","B2","smatram da","Smatram da","Считаю, что","review_candidate","unreviewed"
"m27l9","B2","pretpostavljam","Pretpostavljam","Предполагаю","review_candidate","unreviewed"
"m27l9","B2","dokaz","Dokaz","Доказательство","review_candidate","unreviewed"
"m27l9","B2","tvrdnja","Tvrdnja","Утверждение","review_candidate","unreviewed"
"m27l9","B2","argument","Argument","Аргумент","review_candidate","unreviewed"
"m27l9","B2","primer","Primer","Пример","review_candidate","unreviewed"
"m27l9","B2","kontraargument","Kontraargument","Контраргумент","review_candidate","unreviewed"
"m27l10","B2","pretpostavka","Pretpostavka","Предположение","review_candidate","unreviewed"
"m27l10","B2","smatram da","Smatram da","Считаю, что","review_candidate","unreviewed"
"m27l10","B2","pretpostavljam","Pretpostavljam","Предполагаю","review_candidate","unreviewed"
"m27l10","B2","dokaz","Dokaz","Доказательство","review_candidate","unreviewed"
"m27l10","B2","tvrdnja","Tvrdnja","Утверждение","review_candidate","unreviewed"
"m27l10","B2","argument","Argument","Аргумент","review_candidate","unreviewed"
"m27l10","B2","primer","Primer","Пример","review_candidate","unreviewed"
"m27l10","B2","kontraargument","Kontraargument","Контраргумент","review_candidate","unreviewed"
"m27l10","B2","stav","Stav","Позиция / точка зрения","review_candidate","unreviewed"
"m27l10","B2","prednost","Prednost","Преимущество","review_candidate","unreviewed"
"m27l10","B2","nedostatak","Nedostatak","Недостаток","review_candidate","unreviewed"
"m28l1","B2","obuhvatati","Obuhvatati","Включать / охватывать","new_candidate","unreviewed"
"m28l1","B2","cilj projekta","Cilj projekta","Цель проекта","new_candidate","unreviewed"
"m28l1","B2","kriterijum","Kriterijum","Критерий","new_candidate","unreviewed"
"m28l1","B2","rok isporuke","Rok isporuke","Срок поставки / сдачи","new_candidate","unreviewed"
"m28l1","B2","rizik","Rizik","Риск","new_candidate","unreviewed"
"m28l1","B2","rezervni plan","Rezervni plan","Резервный план","new_candidate","unreviewed"
"m28l1","B2","dnevni red","Dnevni red","Повестка дня","new_candidate","unreviewed"
"m28l1","B2","zapisnik","Zapisnik","Протокол","new_candidate","unreviewed"
"m28l1","B2","naredni koraci","Naredni koraci","Следующие шаги","new_candidate","unreviewed"
"m28l1","B2","odgovornost","Odgovornost","Ответственность","review_candidate","unreviewed"
"m28l1","B2","zaključak","Zaključak","Решение / вывод","review_candidate","unreviewed"
"m28l2","B2","precizirati","Precizirati","Уточнить","new_candidate","unreviewed"
"m28l2","B2","uslovi","Uslovi","Условия","new_candidate","unreviewed"
"m28l2","B2","kriterijum","Kriterijum","Критерий","review_candidate","unreviewed"
"m28l2","B2","rok isporuke","Rok isporuke","Срок поставки / сдачи","review_candidate","unreviewed"
"m28l2","B2","rizik","Rizik","Риск","review_candidate","unreviewed"
"m28l2","B2","rezervni plan","Rezervni plan","Резервный план","review_candidate","unreviewed"
"m28l2","B2","dnevni red","Dnevni red","Повестка дня","review_candidate","unreviewed"
"m28l2","B2","zapisnik","Zapisnik","Протокол","review_candidate","unreviewed"
"m28l2","B2","zaključak","Zaključak","Решение / вывод","review_candidate","unreviewed"
"m28l2","B2","naredni koraci","Naredni koraci","Следующие шаги","review_candidate","unreviewed"
"m28l2","B2","zahtev","Zahtev","Требование / запрос","review_candidate","unreviewed"
"m28l3","B2","predlog","Predlog","Предложение","new_candidate","unreviewed"
"m28l3","B2","izmena","Izmena","Изменение","new_candidate","unreviewed"
"m28l3","B2","rezervni plan","Rezervni plan","Резервный план","review_candidate","unreviewed"
"m28l3","B2","dnevni red","Dnevni red","Повестка дня","review_candidate","unreviewed"
"m28l3","B2","zapisnik","Zapisnik","Протокол","review_candidate","unreviewed"
"m28l3","B2","zaključak","Zaključak","Решение / вывод","review_candidate","unreviewed"
"m28l3","B2","naredni koraci","Naredni koraci","Следующие шаги","review_candidate","unreviewed"
"m28l3","B2","zahtev","Zahtev","Требование / запрос","review_candidate","unreviewed"
"m28l3","B2","precizirati","Precizirati","Уточнить","review_candidate","unreviewed"
"m28l3","B2","uslovi","Uslovi","Условия","review_candidate","unreviewed"
"m28l3","B2","obaveze","Obaveze","Обязательства","review_candidate","unreviewed"
"m28l4","B2","izveštaj","Izveštaj","Отчёт","new_candidate","unreviewed"
"m28l4","B2","napredak","Napredak","Прогресс","new_candidate","unreviewed"
"m28l4","B2","kašnjenje","Kašnjenje","Задержка","new_candidate","unreviewed"
"m28l4","B2","zaključak","Zaključak","Решение / вывод","review_candidate","unreviewed"
"m28l4","B2","naredni koraci","Naredni koraci","Следующие шаги","review_candidate","unreviewed"
"m28l4","B2","zahtev","Zahtev","Требование / запрос","review_candidate","unreviewed"
"m28l4","B2","precizirati","Precizirati","Уточнить","review_candidate","unreviewed"
"m28l4","B2","uslovi","Uslovi","Условия","review_candidate","unreviewed"
"m28l4","B2","obaveze","Obaveze","Обязательства","review_candidate","unreviewed"
"m28l4","B2","predlog","Predlog","Предложение","review_candidate","unreviewed"
"m28l4","B2","izmena","Izmena","Изменение","review_candidate","unreviewed"
"m28l5","B2","budžet","Budžet","Бюджет","new_candidate","unreviewed"
"m28l5","B2","resursi","Resursi","Ресурсы","new_candidate","unreviewed"
"m28l5","B2","precizirati","Precizirati","Уточнить","review_candidate","unreviewed"
"m28l5","B2","uslovi","Uslovi","Условия","review_candidate","unreviewed"
"m28l5","B2","obaveze","Obaveze","Обязательства","review_candidate","unreviewed"
"m28l5","B2","predlog","Predlog","Предложение","review_candidate","unreviewed"
"m28l5","B2","izmena","Izmena","Изменение","review_candidate","unreviewed"
"m28l5","B2","izveštaj","Izveštaj","Отчёт","review_candidate","unreviewed"
"m28l5","B2","napredak","Napredak","Прогресс","review_candidate","unreviewed"
"m28l5","B2","kašnjenje","Kašnjenje","Задержка","review_candidate","unreviewed"
"m28l5","B2","prioritet","Prioritet","Приоритет","review_candidate","unreviewed"
"m28l6","B2","očekivanje","Očekivanje","Ожидание","new_candidate","unreviewed"
"m28l6","B2","oceniti","Oceniti","Оценить","new_candidate","unreviewed"
"m28l6","B2","saradnja","Saradnja","Сотрудничество","new_candidate","unreviewed"
"m28l6","B2","predlog","Predlog","Предложение","review_candidate","unreviewed"
"m28l6","B2","izmena","Izmena","Изменение","review_candidate","unreviewed"
"m28l6","B2","izveštaj","Izveštaj","Отчёт","review_candidate","unreviewed"
"m28l6","B2","napredak","Napredak","Прогресс","review_candidate","unreviewed"
"m28l6","B2","kašnjenje","Kašnjenje","Задержка","review_candidate","unreviewed"
"m28l6","B2","prioritet","Prioritet","Приоритет","review_candidate","unreviewed"
"m28l6","B2","budžet","Budžet","Бюджет","review_candidate","unreviewed"
"m28l6","B2","resursi","Resursi","Ресурсы","review_candidate","unreviewed"
"m28l7","B2","dogovoriti","Dogovoriti","Согласовать","new_candidate","unreviewed"
"m28l7","B2","meriti","Meriti","Измерять","new_candidate","unreviewed"
"m28l7","B2","napredak","Napredak","Прогресс","review_candidate","unreviewed"
"m28l7","B2","kašnjenje","Kašnjenje","Задержка","review_candidate","unreviewed"
"m28l7","B2","prioritet","Prioritet","Приоритет","review_candidate","unreviewed"
"m28l7","B2","budžet","Budžet","Бюджет","review_candidate","unreviewed"
"m28l7","B2","resursi","Resursi","Ресурсы","review_candidate","unreviewed"
"m28l7","B2","očekivanje","Očekivanje","Ожидание","review_candidate","unreviewed"
"m28l7","B2","oceniti","Oceniti","Оценить","review_candidate","unreviewed"
"m28l7","B2","saradnja","Saradnja","Сотрудничество","review_candidate","unreviewed"
"m28l7","B2","odgovornost","Odgovornost","Ответственность","review_candidate","unreviewed"
"m28l8","B2","budžet","Budžet","Бюджет","review_candidate","unreviewed"
"m28l8","B2","resursi","Resursi","Ресурсы","review_candidate","unreviewed"
"m28l8","B2","očekivanje","Očekivanje","Ожидание","review_candidate","unreviewed"
"m28l8","B2","oceniti","Oceniti","Оценить","review_candidate","unreviewed"
"m28l8","B2","saradnja","Saradnja","Сотрудничество","review_candidate","unreviewed"
"m28l8","B2","dogovoriti","Dogovoriti","Согласовать","review_candidate","unreviewed"
"m28l8","B2","meriti","Meriti","Измерять","review_candidate","unreviewed"
"m28l8","B2","odgovornost","Odgovornost","Ответственность","review_candidate","unreviewed"
"m28l8","B2","obuhvatati","Obuhvatati","Включать / охватывать","review_candidate","unreviewed"
"m28l8","B2","cilj projekta","Cilj projekta","Цель проекта","review_candidate","unreviewed"
"m28l8","B2","kriterijum","Kriterijum","Критерий","review_candidate","unreviewed"
"m28l9","B2","oceniti","Oceniti","Оценить","review_candidate","unreviewed"
"m28l9","B2","saradnja","Saradnja","Сотрудничество","review_candidate","unreviewed"
"m28l9","B2","dogovoriti","Dogovoriti","Согласовать","review_candidate","unreviewed"
"m28l9","B2","meriti","Meriti","Измерять","review_candidate","unreviewed"
"m28l9","B2","odgovornost","Odgovornost","Ответственность","review_candidate","unreviewed"
"m28l9","B2","obuhvatati","Obuhvatati","Включать / охватывать","review_candidate","unreviewed"
"m28l9","B2","cilj projekta","Cilj projekta","Цель проекта","review_candidate","unreviewed"
"m28l9","B2","kriterijum","Kriterijum","Критерий","review_candidate","unreviewed"
"m28l9","B2","rok isporuke","Rok isporuke","Срок поставки / сдачи","review_candidate","unreviewed"
"m28l9","B2","rizik","Rizik","Риск","review_candidate","unreviewed"
"m28l9","B2","rezervni plan","Rezervni plan","Резервный план","review_candidate","unreviewed"
"m28l10","B2","meriti","Meriti","Измерять","review_candidate","unreviewed"
"m28l10","B2","odgovornost","Odgovornost","Ответственность","review_candidate","unreviewed"
"m28l10","B2","obuhvatati","Obuhvatati","Включать / охватывать","review_candidate","unreviewed"
"m28l10","B2","cilj projekta","Cilj projekta","Цель проекта","review_candidate","unreviewed"
"m28l10","B2","kriterijum","Kriterijum","Критерий","review_candidate","unreviewed"
"m28l10","B2","rok isporuke","Rok isporuke","Срок поставки / сдачи","review_candidate","unreviewed"
"m28l10","B2","rizik","Rizik","Риск","review_candidate","unreviewed"
"m28l10","B2","rezervni plan","Rezervni plan","Резервный план","review_candidate","unreviewed"
"m28l10","B2","dnevni red","Dnevni red","Повестка дня","review_candidate","unreviewed"
"m28l10","B2","zapisnik","Zapisnik","Протокол","review_candidate","unreviewed"
"m28l10","B2","zaključak","Zaključak","Решение / вывод","review_candidate","unreviewed"
"m29l1","B2","poštovani","Poštovani","Уважаемые","new_candidate","unreviewed"
"m29l1","B2","poštovana","Poštovana","Уважаемая","new_candidate","unreviewed"
"m29l1","B2","obraćanje","Obraćanje","Обращение","new_candidate","unreviewed"
"m29l1","B2","povodom","Povodom","По поводу","new_candidate","unreviewed"
"m29l1","B2","na osnovu","Na osnovu","На основании","new_candidate","unreviewed"
"m29l1","B2","u skladu sa","U skladu sa","В соответствии с","new_candidate","unreviewed"
"m29l1","B2","molba","Molba","Просьба / заявление","new_candidate","unreviewed"
"m29l1","B2","dostaviti","Dostaviti","Предоставить / доставить","new_candidate","unreviewed"
"m29l1","B2","obavestiti","Obavestiti","Уведомить","new_candidate","unreviewed"
"m29l1","B2","zahtev","Zahtev","Заявление / запрос","review_candidate","unreviewed"
"m29l1","B2","pojašnjenje","Pojašnjenje","Разъяснение","review_candidate","unreviewed"
"m29l2","B2","procedura","Procedura","Процедура","new_candidate","unreviewed"
"m29l2","B2","navedeni","Navedeni","Указанный","new_candidate","unreviewed"
"m29l2","B2","priložiti","Priložiti","Приложить","new_candidate","unreviewed"
"m29l2","B2","povodom","Povodom","По поводу","review_candidate","unreviewed"
"m29l2","B2","na osnovu","Na osnovu","На основании","review_candidate","unreviewed"
"m29l2","B2","u skladu sa","U skladu sa","В соответствии с","review_candidate","unreviewed"
"m29l2","B2","molba","Molba","Просьба / заявление","review_candidate","unreviewed"
"m29l2","B2","zahtev","Zahtev","Заявление / запрос","review_candidate","unreviewed"
"m29l2","B2","dostaviti","Dostaviti","Предоставить / доставить","review_candidate","unreviewed"
"m29l2","B2","obavestiti","Obavestiti","Уведомить","review_candidate","unreviewed"
"m29l2","B2","pojašnjenje","Pojašnjenje","Разъяснение","review_candidate","unreviewed"
"m29l3","B2","kopija","Kopija","Копия","new_candidate","unreviewed"
"m29l3","B2","original","Original","Оригинал","new_candidate","unreviewed"
"m29l3","B2","potpis","Potpis","Подпись","new_candidate","unreviewed"
"m29l3","B2","molba","Molba","Просьба / заявление","review_candidate","unreviewed"
"m29l3","B2","zahtev","Zahtev","Заявление / запрос","review_candidate","unreviewed"
"m29l3","B2","dostaviti","Dostaviti","Предоставить / доставить","review_candidate","unreviewed"
"m29l3","B2","obavestiti","Obavestiti","Уведомить","review_candidate","unreviewed"
"m29l3","B2","pojašnjenje","Pojašnjenje","Разъяснение","review_candidate","unreviewed"
"m29l3","B2","procedura","Procedura","Процедура","review_candidate","unreviewed"
"m29l3","B2","navedeni","Navedeni","Указанный","review_candidate","unreviewed"
"m29l3","B2","priložiti","Priložiti","Приложить","review_candidate","unreviewed"
"m29l4","B2","overiti","Overiti","Заверить","new_candidate","unreviewed"
"m29l4","B2","nesporazum","Nesporazum","Недоразумение","new_candidate","unreviewed"
"m29l4","B2","obavestiti","Obavestiti","Уведомить","review_candidate","unreviewed"
"m29l4","B2","pojašnjenje","Pojašnjenje","Разъяснение","review_candidate","unreviewed"
"m29l4","B2","procedura","Procedura","Процедура","review_candidate","unreviewed"
"m29l4","B2","navedeni","Navedeni","Указанный","review_candidate","unreviewed"
"m29l4","B2","priložiti","Priložiti","Приложить","review_candidate","unreviewed"
"m29l4","B2","kopija","Kopija","Копия","review_candidate","unreviewed"
"m29l4","B2","original","Original","Оригинал","review_candidate","unreviewed"
"m29l4","B2","potpis","Potpis","Подпись","review_candidate","unreviewed"
"m29l4","B2","dokaz","Dokaz","Доказательство / подтверждение","review_candidate","unreviewed"
"m29l5","B2","očekivani rok","Očekivani rok","Ожидаемый срок","new_candidate","unreviewed"
"m29l5","B2","navedeni","Navedeni","Указанный","review_candidate","unreviewed"
"m29l5","B2","priložiti","Priložiti","Приложить","review_candidate","unreviewed"
"m29l5","B2","kopija","Kopija","Копия","review_candidate","unreviewed"
"m29l5","B2","original","Original","Оригинал","review_candidate","unreviewed"
"m29l5","B2","potpis","Potpis","Подпись","review_candidate","unreviewed"
"m29l5","B2","overiti","Overiti","Заверить","review_candidate","unreviewed"
"m29l5","B2","dokaz","Dokaz","Доказательство / подтверждение","review_candidate","unreviewed"
"m29l5","B2","nesporazum","Nesporazum","Недоразумение","review_candidate","unreviewed"
"m29l5","B2","proveriti","Proveriti","Проверить","review_candidate","unreviewed"
"m29l5","B2","odgovor","Odgovor","Ответ","review_candidate","unreviewed"
"m29l6","B2","nadležna služba","Nadležna služba","Компетентная служба","new_candidate","unreviewed"
"m29l6","B2","original","Original","Оригинал","review_candidate","unreviewed"
"m29l6","B2","potpis","Potpis","Подпись","review_candidate","unreviewed"
"m29l6","B2","overiti","Overiti","Заверить","review_candidate","unreviewed"
"m29l6","B2","dokaz","Dokaz","Доказательство / подтверждение","review_candidate","unreviewed"
"m29l6","B2","nesporazum","Nesporazum","Недоразумение","review_candidate","unreviewed"
"m29l6","B2","proveriti","Proveriti","Проверить","review_candidate","unreviewed"
"m29l6","B2","očekivani rok","Očekivani rok","Ожидаемый срок","review_candidate","unreviewed"
"m29l6","B2","odgovor","Odgovor","Ответ","review_candidate","unreviewed"
"m29l6","B2","predmet","Predmet","Тема / дело","review_candidate","unreviewed"
"m29l6","B2","srdačan pozdrav","Srdačan pozdrav","С уважением","review_candidate","unreviewed"
"m29l7","B2","s poštovanjem","S poštovanjem","С уважением (официально)","new_candidate","unreviewed"
"m29l7","B2","unapred zahvaljujem","Unapred zahvaljujem","Заранее благодарю","new_candidate","unreviewed"
"m29l7","B2","dokaz","Dokaz","Доказательство / подтверждение","review_candidate","unreviewed"
"m29l7","B2","nesporazum","Nesporazum","Недоразумение","review_candidate","unreviewed"
"m29l7","B2","proveriti","Proveriti","Проверить","review_candidate","unreviewed"
"m29l7","B2","očekivani rok","Očekivani rok","Ожидаемый срок","review_candidate","unreviewed"
"m29l7","B2","odgovor","Odgovor","Ответ","review_candidate","unreviewed"
"m29l7","B2","nadležna služba","Nadležna služba","Компетентная служба","review_candidate","unreviewed"
"m29l7","B2","predmet","Predmet","Тема / дело","review_candidate","unreviewed"
"m29l7","B2","srdačan pozdrav","Srdačan pozdrav","С уважением","review_candidate","unreviewed"
"m29l7","B2","poštovani","Poštovani","Уважаемые","review_candidate","unreviewed"
"m29l8","B2","očekivani rok","Očekivani rok","Ожидаемый срок","review_candidate","unreviewed"
"m29l8","B2","odgovor","Odgovor","Ответ","review_candidate","unreviewed"
"m29l8","B2","nadležna služba","Nadležna služba","Компетентная служба","review_candidate","unreviewed"
"m29l8","B2","predmet","Predmet","Тема / дело","review_candidate","unreviewed"
"m29l8","B2","srdačan pozdrav","Srdačan pozdrav","С уважением","review_candidate","unreviewed"
"m29l8","B2","s poštovanjem","S poštovanjem","С уважением (официально)","review_candidate","unreviewed"
"m29l8","B2","unapred zahvaljujem","Unapred zahvaljujem","Заранее благодарю","review_candidate","unreviewed"
"m29l8","B2","poštovani","Poštovani","Уважаемые","review_candidate","unreviewed"
"m29l8","B2","poštovana","Poštovana","Уважаемая","review_candidate","unreviewed"
"m29l8","B2","obraćanje","Obraćanje","Обращение","review_candidate","unreviewed"
"m29l8","B2","povodom","Povodom","По поводу","review_candidate","unreviewed"
"m29l9","B2","predmet","Predmet","Тема / дело","review_candidate","unreviewed"
"m29l9","B2","srdačan pozdrav","Srdačan pozdrav","С уважением","review_candidate","unreviewed"
"m29l9","B2","s poštovanjem","S poštovanjem","С уважением (официально)","review_candidate","unreviewed"
"m29l9","B2","unapred zahvaljujem","Unapred zahvaljujem","Заранее благодарю","review_candidate","unreviewed"
"m29l9","B2","poštovani","Poštovani","Уважаемые","review_candidate","unreviewed"
"m29l9","B2","poštovana","Poštovana","Уважаемая","review_candidate","unreviewed"
"m29l9","B2","obraćanje","Obraćanje","Обращение","review_candidate","unreviewed"
"m29l9","B2","povodom","Povodom","По поводу","review_candidate","unreviewed"
"m29l9","B2","na osnovu","Na osnovu","На основании","review_candidate","unreviewed"
"m29l9","B2","u skladu sa","U skladu sa","В соответствии с","review_candidate","unreviewed"
"m29l9","B2","molba","Molba","Просьба / заявление","review_candidate","unreviewed"
"m29l10","B2","unapred zahvaljujem","Unapred zahvaljujem","Заранее благодарю","review_candidate","unreviewed"
"m29l10","B2","poštovani","Poštovani","Уважаемые","review_candidate","unreviewed"
"m29l10","B2","poštovana","Poštovana","Уважаемая","review_candidate","unreviewed"
"m29l10","B2","obraćanje","Obraćanje","Обращение","review_candidate","unreviewed"
"m29l10","B2","povodom","Povodom","По поводу","review_candidate","unreviewed"
"m29l10","B2","na osnovu","Na osnovu","На основании","review_candidate","unreviewed"
"m29l10","B2","u skladu sa","U skladu sa","В соответствии с","review_candidate","unreviewed"
"m29l10","B2","molba","Molba","Просьба / заявление","review_candidate","unreviewed"
"m29l10","B2","zahtev","Zahtev","Заявление / запрос","review_candidate","unreviewed"
"m29l10","B2","dostaviti","Dostaviti","Предоставить / доставить","review_candidate","unreviewed"
"m29l10","B2","obavestiti","Obavestiti","Уведомить","review_candidate","unreviewed"
"m30l1","B2","suština","Suština","Суть","new_candidate","unreviewed"
"m30l1","B2","poenta","Poenta","Смысл / суть (разг.)","new_candidate","unreviewed"
"m30l1","B2","drugim rečima","Drugim rečima","Другими словами","new_candidate","unreviewed"
"m30l1","B2","najpre","Najpre","Прежде всего","new_candidate","unreviewed"
"m30l1","B2","osim toga","Osim toga","Кроме того","new_candidate","unreviewed"
"m30l1","B2","dakle","Dakle","Итак / следовательно","new_candidate","unreviewed"
"m30l1","B2","govornik","Govornik","Говорящий","new_candidate","unreviewed"
"m30l1","B2","sagovornik","Sagovornik","Собеседник","new_candidate","unreviewed"
"m30l1","B2","uglavnom","Uglavnom","В основном","review_candidate","unreviewed"
"m30l1","B2","odnosno","Odnosno","То есть / а именно","review_candidate","unreviewed"
"m30l1","B2","na kraju","Na kraju","В конце","review_candidate","unreviewed"
"m30l2","B2","naglasak","Naglasak","Ударение / акцент","new_candidate","unreviewed"
"m30l2","B2","intonacija","Intonacija","Интонация","new_candidate","unreviewed"
"m30l2","B2","značenje","Značenje","Значение","new_candidate","unreviewed"
"m30l2","B2","odnosno","Odnosno","То есть / а именно","review_candidate","unreviewed"
"m30l2","B2","drugim rečima","Drugim rečima","Другими словами","review_candidate","unreviewed"
"m30l2","B2","najpre","Najpre","Прежде всего","review_candidate","unreviewed"
"m30l2","B2","osim toga","Osim toga","Кроме того","review_candidate","unreviewed"
"m30l2","B2","na kraju","Na kraju","В конце","review_candidate","unreviewed"
"m30l2","B2","dakle","Dakle","Итак / следовательно","review_candidate","unreviewed"
"m30l2","B2","govornik","Govornik","Говорящий","review_candidate","unreviewed"
"m30l2","B2","sagovornik","Sagovornik","Собеседник","review_candidate","unreviewed"
"m30l3","B2","kontekst","Kontekst","Контекст","new_candidate","unreviewed"
"m30l3","B2","dvosmisleno","Dvosmisleno","Двусмысленно","new_candidate","unreviewed"
"m30l3","B2","osim toga","Osim toga","Кроме того","review_candidate","unreviewed"
"m30l3","B2","na kraju","Na kraju","В конце","review_candidate","unreviewed"
"m30l3","B2","dakle","Dakle","Итак / следовательно","review_candidate","unreviewed"
"m30l3","B2","govornik","Govornik","Говорящий","review_candidate","unreviewed"
"m30l3","B2","sagovornik","Sagovornik","Собеседник","review_candidate","unreviewed"
"m30l3","B2","naglasak","Naglasak","Ударение / акцент","review_candidate","unreviewed"
"m30l3","B2","intonacija","Intonacija","Интонация","review_candidate","unreviewed"
"m30l3","B2","značenje","Značenje","Значение","review_candidate","unreviewed"
"m30l3","B2","podrazumevati","Podrazumevati","Подразумевать","review_candidate","unreviewed"
"m30l4","B2","nagovestiti","Nagovestiti","Намекнуть","new_candidate","unreviewed"
"m30l4","B2","sažeti","Sažeti","Кратко изложить","new_candidate","unreviewed"
"m30l4","B2","prepričati","Prepričati","Пересказать","new_candidate","unreviewed"
"m30l4","B2","govornik","Govornik","Говорящий","review_candidate","unreviewed"
"m30l4","B2","sagovornik","Sagovornik","Собеседник","review_candidate","unreviewed"
"m30l4","B2","naglasak","Naglasak","Ударение / акцент","review_candidate","unreviewed"
"m30l4","B2","intonacija","Intonacija","Интонация","review_candidate","unreviewed"
"m30l4","B2","značenje","Značenje","Значение","review_candidate","unreviewed"
"m30l4","B2","kontekst","Kontekst","Контекст","review_candidate","unreviewed"
"m30l4","B2","dvosmisleno","Dvosmisleno","Двусмысленно","review_candidate","unreviewed"
"m30l4","B2","podrazumevati","Podrazumevati","Подразумевать","review_candidate","unreviewed"
"m30l5","B2","istaknuti","Istaknuti","Выделить / подчеркнуть","new_candidate","unreviewed"
"m30l5","B2","intonacija","Intonacija","Интонация","review_candidate","unreviewed"
"m30l5","B2","značenje","Značenje","Значение","review_candidate","unreviewed"
"m30l5","B2","kontekst","Kontekst","Контекст","review_candidate","unreviewed"
"m30l5","B2","dvosmisleno","Dvosmisleno","Двусмысленно","review_candidate","unreviewed"
"m30l5","B2","podrazumevati","Podrazumevati","Подразумевать","review_candidate","unreviewed"
"m30l5","B2","nagovestiti","Nagovestiti","Намекнуть","review_candidate","unreviewed"
"m30l5","B2","sažeti","Sažeti","Кратко изложить","review_candidate","unreviewed"
"m30l5","B2","prepričati","Prepričati","Пересказать","review_candidate","unreviewed"
"m30l5","B2","proveriti","Proveriti","Проверить","review_candidate","unreviewed"
"m30l5","B2","razjasniti","Razjasniti","Прояснить","review_candidate","unreviewed"
"m30l6","B2","zaključiti","Zaključiti","Сделать вывод","new_candidate","unreviewed"
"m30l6","B2","obuhvatiti","Obuhvatiti","Охватить / включить","new_candidate","unreviewed"
"m30l6","B2","dvosmisleno","Dvosmisleno","Двусмысленно","review_candidate","unreviewed"
"m30l6","B2","podrazumevati","Podrazumevati","Подразумевать","review_candidate","unreviewed"
"m30l6","B2","nagovestiti","Nagovestiti","Намекнуть","review_candidate","unreviewed"
"m30l6","B2","sažeti","Sažeti","Кратко изложить","review_candidate","unreviewed"
"m30l6","B2","prepričati","Prepričati","Пересказать","review_candidate","unreviewed"
"m30l6","B2","istaknuti","Istaknuti","Выделить / подчеркнуть","review_candidate","unreviewed"
"m30l6","B2","proveriti","Proveriti","Проверить","review_candidate","unreviewed"
"m30l6","B2","razjasniti","Razjasniti","Прояснить","review_candidate","unreviewed"
"m30l6","B2","porediti","Porediti","Сравнивать","review_candidate","unreviewed"
"m30l7","B2","usput","Usput","Между прочим / по пути","new_candidate","unreviewed"
"m30l7","B2","sažeti","Sažeti","Кратко изложить","review_candidate","unreviewed"
"m30l7","B2","prepričati","Prepričati","Пересказать","review_candidate","unreviewed"
"m30l7","B2","istaknuti","Istaknuti","Выделить / подчеркнуть","review_candidate","unreviewed"
"m30l7","B2","proveriti","Proveriti","Проверить","review_candidate","unreviewed"
"m30l7","B2","razjasniti","Razjasniti","Прояснить","review_candidate","unreviewed"
"m30l7","B2","porediti","Porediti","Сравнивать","review_candidate","unreviewed"
"m30l7","B2","zaključiti","Zaključiti","Сделать вывод","review_candidate","unreviewed"
"m30l7","B2","obuhvatiti","Obuhvatiti","Охватить / включить","review_candidate","unreviewed"
"m30l7","B2","uglavnom","Uglavnom","В основном","review_candidate","unreviewed"
"m30l7","B2","suština","Suština","Суть","review_candidate","unreviewed"
"m30l8","B2","proveriti","Proveriti","Проверить","review_candidate","unreviewed"
"m30l8","B2","razjasniti","Razjasniti","Прояснить","review_candidate","unreviewed"
"m30l8","B2","porediti","Porediti","Сравнивать","review_candidate","unreviewed"
"m30l8","B2","zaključiti","Zaključiti","Сделать вывод","review_candidate","unreviewed"
"m30l8","B2","obuhvatiti","Obuhvatiti","Охватить / включить","review_candidate","unreviewed"
"m30l8","B2","usput","Usput","Между прочим / по пути","review_candidate","unreviewed"
"m30l8","B2","uglavnom","Uglavnom","В основном","review_candidate","unreviewed"
"m30l8","B2","suština","Suština","Суть","review_candidate","unreviewed"
"m30l8","B2","poenta","Poenta","Смысл / суть (разг.)","review_candidate","unreviewed"
"m30l8","B2","odnosno","Odnosno","То есть / а именно","review_candidate","unreviewed"
"m30l8","B2","drugim rečima","Drugim rečima","Другими словами","review_candidate","unreviewed"
"m30l9","B2","zaključiti","Zaključiti","Сделать вывод","review_candidate","unreviewed"
"m30l9","B2","obuhvatiti","Obuhvatiti","Охватить / включить","review_candidate","unreviewed"
"m30l9","B2","usput","Usput","Между прочим / по пути","review_candidate","unreviewed"
"m30l9","B2","uglavnom","Uglavnom","В основном","review_candidate","unreviewed"
"m30l9","B2","suština","Suština","Суть","review_candidate","unreviewed"
"m30l9","B2","poenta","Poenta","Смысл / суть (разг.)","review_candidate","unreviewed"
"m30l9","B2","odnosno","Odnosno","То есть / а именно","review_candidate","unreviewed"
"m30l9","B2","drugim rečima","Drugim rečima","Другими словами","review_candidate","unreviewed"
"m30l9","B2","najpre","Najpre","Прежде всего","review_candidate","unreviewed"
"m30l9","B2","osim toga","Osim toga","Кроме того","review_candidate","unreviewed"
"m30l9","B2","na kraju","Na kraju","В конце","review_candidate","unreviewed"
"m30l10","B2","uglavnom","Uglavnom","В основном","review_candidate","unreviewed"
"m30l10","B2","suština","Suština","Суть","review_candidate","unreviewed"
"m30l10","B2","poenta","Poenta","Смысл / суть (разг.)","review_candidate","unreviewed"
"m30l10","B2","odnosno","Odnosno","То есть / а именно","review_candidate","unreviewed"
"m30l10","B2","drugim rečima","Drugim rečima","Другими словами","review_candidate","unreviewed"
"m30l10","B2","najpre","Najpre","Прежде всего","review_candidate","unreviewed"
"m30l10","B2","osim toga","Osim toga","Кроме того","review_candidate","unreviewed"
"m30l10","B2","na kraju","Na kraju","В конце","review_candidate","unreviewed"
"m30l10","B2","dakle","Dakle","Итак / следовательно","review_candidate","unreviewed"
"m30l10","B2","govornik","Govornik","Говорящий","review_candidate","unreviewed"
"m30l10","B2","sagovornik","Sagovornik","Собеседник","review_candidate","unreviewed"
"m31l1","B2","preporuka","Preporuka","Рекомендация","new_candidate","unreviewed"
"m31l1","B2","kompetencija","Kompetencija","Компетенция","new_candidate","unreviewed"
"m31l1","B2","uslov","Uslov","Условие","new_candidate","unreviewed"
"m31l1","B2","planirati","Planirati","Планировать","review_candidate","unreviewed"
"m31l1","B2","raspored","Raspored","Расписание","review_candidate","unreviewed"
"m31l1","B2","dokumentacija","Dokumentacija","Документация","review_candidate","unreviewed"
"m31l1","B2","usluga","Usluga","Услуга","review_candidate","unreviewed"
"m31l1","B2","postupak","Postupak","Процедура","review_candidate","unreviewed"
"m31l1","B2","potvrda","Potvrda","Подтверждение","review_candidate","unreviewed"
"m31l1","B2","primer","Primer","Пример","review_candidate","unreviewed"
"m31l1","B2","iskustvo","Iskustvo","Опыт","review_candidate","unreviewed"
"m31l2","B2","preformulisati","Preformulisati","Переформулировать","new_candidate","unreviewed"
"m31l2","B2","dokumentacija","Dokumentacija","Документация","review_candidate","unreviewed"
"m31l2","B2","usluga","Usluga","Услуга","review_candidate","unreviewed"
"m31l2","B2","postupak","Postupak","Процедура","review_candidate","unreviewed"
"m31l2","B2","potvrda","Potvrda","Подтверждение","review_candidate","unreviewed"
"m31l2","B2","kompetencija","Kompetencija","Компетенция","review_candidate","unreviewed"
"m31l2","B2","primer","Primer","Пример","review_candidate","unreviewed"
"m31l2","B2","iskustvo","Iskustvo","Опыт","review_candidate","unreviewed"
"m31l2","B2","uslov","Uslov","Условие","review_candidate","unreviewed"
"m31l2","B2","obraćanje","Obraćanje","Обращение","review_candidate","unreviewed"
"m31l2","B2","razjasniti","Razjasniti","Прояснить","review_candidate","unreviewed"
"m31l3","B2","potvrda","Potvrda","Подтверждение","review_candidate","unreviewed"
"m31l3","B2","kompetencija","Kompetencija","Компетенция","review_candidate","unreviewed"
"m31l3","B2","primer","Primer","Пример","review_candidate","unreviewed"
"m31l3","B2","iskustvo","Iskustvo","Опыт","review_candidate","unreviewed"
"m31l3","B2","uslov","Uslov","Условие","review_candidate","unreviewed"
"m31l3","B2","obraćanje","Obraćanje","Обращение","review_candidate","unreviewed"
"m31l3","B2","razjasniti","Razjasniti","Прояснить","review_candidate","unreviewed"
"m31l3","B2","preformulisati","Preformulisati","Переформулировать","review_candidate","unreviewed"
"m31l3","B2","proveriti","Proveriti","Проверить","review_candidate","unreviewed"
"m31l3","B2","činjenica","Činjenica","Факт","review_candidate","unreviewed"
"m31l3","B2","mišljenje","Mišljenje","Мнение","review_candidate","unreviewed"
"m31l4","B2","prezentacija","Prezentacija","Презентация","new_candidate","unreviewed"
"m31l4","B2","pristup","Pristup","Подход","new_candidate","unreviewed"
"m31l4","B2","iskustvo","Iskustvo","Опыт","review_candidate","unreviewed"
"m31l4","B2","uslov","Uslov","Условие","review_candidate","unreviewed"
"m31l4","B2","obraćanje","Obraćanje","Обращение","review_candidate","unreviewed"
"m31l4","B2","razjasniti","Razjasniti","Прояснить","review_candidate","unreviewed"
"m31l4","B2","preformulisati","Preformulisati","Переформулировать","review_candidate","unreviewed"
"m31l4","B2","proveriti","Proveriti","Проверить","review_candidate","unreviewed"
"m31l4","B2","činjenica","Činjenica","Факт","review_candidate","unreviewed"
"m31l4","B2","mišljenje","Mišljenje","Мнение","review_candidate","unreviewed"
"m31l4","B2","argument","Argument","Аргумент","review_candidate","unreviewed"
"m31l5","B2","dalji koraci","Dalji koraci","Дальнейшие шаги","new_candidate","unreviewed"
"m31l5","B2","razjasniti","Razjasniti","Прояснить","review_candidate","unreviewed"
"m31l5","B2","preformulisati","Preformulisati","Переформулировать","review_candidate","unreviewed"
"m31l5","B2","proveriti","Proveriti","Проверить","review_candidate","unreviewed"
"m31l5","B2","činjenica","Činjenica","Факт","review_candidate","unreviewed"
"m31l5","B2","mišljenje","Mišljenje","Мнение","review_candidate","unreviewed"
"m31l5","B2","argument","Argument","Аргумент","review_candidate","unreviewed"
"m31l5","B2","prezentacija","Prezentacija","Презентация","review_candidate","unreviewed"
"m31l5","B2","pristup","Pristup","Подход","review_candidate","unreviewed"
"m31l5","B2","rezultat","Rezultat","Результат","review_candidate","unreviewed"
"m31l5","B2","rizik","Rizik","Риск","review_candidate","unreviewed"
"m31l6","B2","samostalno","Samostalno","Самостоятельно","new_candidate","unreviewed"
"m31l6","B2","pouzdano","Pouzdano","Надёжно / уверенно","new_candidate","unreviewed"
"m31l6","B2","činjenica","Činjenica","Факт","review_candidate","unreviewed"
"m31l6","B2","mišljenje","Mišljenje","Мнение","review_candidate","unreviewed"
"m31l6","B2","argument","Argument","Аргумент","review_candidate","unreviewed"
"m31l6","B2","prezentacija","Prezentacija","Презентация","review_candidate","unreviewed"
"m31l6","B2","pristup","Pristup","Подход","review_candidate","unreviewed"
"m31l6","B2","rezultat","Rezultat","Результат","review_candidate","unreviewed"
"m31l6","B2","rizik","Rizik","Риск","review_candidate","unreviewed"
"m31l6","B2","dalji koraci","Dalji koraci","Дальнейшие шаги","review_candidate","unreviewed"
"m31l6","B2","napredak","Napredak","Прогресс","review_candidate","unreviewed"
"m31l7","B2","procena","Procena","Оценка","new_candidate","unreviewed"
"m31l7","B2","usavršavanje","Usavršavanje","Совершенствование","new_candidate","unreviewed"
"m31l7","B2","prezentacija","Prezentacija","Презентация","review_candidate","unreviewed"
"m31l7","B2","pristup","Pristup","Подход","review_candidate","unreviewed"
"m31l7","B2","rezultat","Rezultat","Результат","review_candidate","unreviewed"
"m31l7","B2","rizik","Rizik","Риск","review_candidate","unreviewed"
"m31l7","B2","dalji koraci","Dalji koraci","Дальнейшие шаги","review_candidate","unreviewed"
"m31l7","B2","samostalno","Samostalno","Самостоятельно","review_candidate","unreviewed"
"m31l7","B2","pouzdano","Pouzdano","Надёжно / уверенно","review_candidate","unreviewed"
"m31l7","B2","napredak","Napredak","Прогресс","review_candidate","unreviewed"
"m31l7","B2","planirati","Planirati","Планировать","review_candidate","unreviewed"
"m31l8","B2","rizik","Rizik","Риск","review_candidate","unreviewed"
"m31l8","B2","dalji koraci","Dalji koraci","Дальнейшие шаги","review_candidate","unreviewed"
"m31l8","B2","samostalno","Samostalno","Самостоятельно","review_candidate","unreviewed"
"m31l8","B2","pouzdano","Pouzdano","Надёжно / уверенно","review_candidate","unreviewed"
"m31l8","B2","napredak","Napredak","Прогресс","review_candidate","unreviewed"
"m31l8","B2","procena","Procena","Оценка","review_candidate","unreviewed"
"m31l8","B2","usavršavanje","Usavršavanje","Совершенствование","review_candidate","unreviewed"
"m31l8","B2","planirati","Planirati","Планировать","review_candidate","unreviewed"
"m31l8","B2","raspored","Raspored","Расписание","review_candidate","unreviewed"
"m31l8","B2","preporuka","Preporuka","Рекомендация","review_candidate","unreviewed"
"m31l8","B2","dokumentacija","Dokumentacija","Документация","review_candidate","unreviewed"
"m31l9","B2","pouzdano","Pouzdano","Надёжно / уверенно","review_candidate","unreviewed"
"m31l9","B2","napredak","Napredak","Прогресс","review_candidate","unreviewed"
"m31l9","B2","procena","Procena","Оценка","review_candidate","unreviewed"
"m31l9","B2","usavršavanje","Usavršavanje","Совершенствование","review_candidate","unreviewed"
"m31l9","B2","planirati","Planirati","Планировать","review_candidate","unreviewed"
"m31l9","B2","raspored","Raspored","Расписание","review_candidate","unreviewed"
"m31l9","B2","preporuka","Preporuka","Рекомендация","review_candidate","unreviewed"
"m31l9","B2","dokumentacija","Dokumentacija","Документация","review_candidate","unreviewed"
"m31l9","B2","usluga","Usluga","Услуга","review_candidate","unreviewed"
"m31l9","B2","postupak","Postupak","Процедура","review_candidate","unreviewed"
"m31l9","B2","potvrda","Potvrda","Подтверждение","review_candidate","unreviewed"
"m31l10","B2","usavršavanje","Usavršavanje","Совершенствование","review_candidate","unreviewed"
"m31l10","B2","planirati","Planirati","Планировать","review_candidate","unreviewed"
"m31l10","B2","raspored","Raspored","Расписание","review_candidate","unreviewed"
"m31l10","B2","preporuka","Preporuka","Рекомендация","review_candidate","unreviewed"
"m31l10","B2","dokumentacija","Dokumentacija","Документация","review_candidate","unreviewed"
"m31l10","B2","usluga","Usluga","Услуга","review_candidate","unreviewed"
"m31l10","B2","postupak","Postupak","Процедура","review_candidate","unreviewed"
"m31l10","B2","potvrda","Potvrda","Подтверждение","review_candidate","unreviewed"
"m31l10","B2","kompetencija","Kompetencija","Компетенция","review_candidate","unreviewed"
"m31l10","B2","primer","Primer","Пример","review_candidate","unreviewed"
"m31l10","B2","iskustvo","Iskustvo","Опыт","review_candidate","unreviewed"
